Workbook

Sheet Lot_QC_Summary
B1: Lot_QC_Summary | C1: QC_Dictionary | D1: A_Replicates | E1: B_Replicates | F1: Density_Replicates | G1: A_Replicates_INCL | H1: A_Replicates_EXC | I1: Metric_Statistics | J1: A_Step_Replicates | K1: A_Step_Statistics | L1: Replicate_Flags | M1: Traceability
B2: HT-SYN Lot 종합 QC — 정책 INCLUSIVE
B3: Method A fingerprint·구조 이력, Method B 회복, 밀도를 Lot 단위로 통합했습니다. Strict = 60 s·Torque 10–95 % / Inclusive = 정책 허용 hold·범위 밖 점 포함. 상태는 데이터 품질 판정이며 제품 적합성(합격/불합격) 판정이 아닙니다.
B4: POLICY INCLUSIVE — accepted holds 30,45,60 s, 범위 밖 Torque 점 inclusive 포함. EXCEPTION·CENSORED 값은 표준 60 s Lot 통계·추세·규격 설정에 혼용 금지
B5: Lot 정보 및 데이터 범위
B6: Lot | C6: SYN
B7: 분석 정책 | C7: INCLUSIVE (hash 0a7fe4fd8ee0395a) | Lot 통계 모드 both | 대표 채널 inclusive | EXCEPTION separate | 상세 QCPolicy 시트
B8: Method A 반복 | C8: 1건 — 01:VALID
B9: Method B 반복 | C9: 없음 — T2 회복 지표 NO DATA
B10: 밀도 충전 | C10: 없음 — 밀도 입력 파일(--density-file) 미제공
B11: 고정 평가점 | C11: Low=0.5 rpm, Mid=2 rpm
B12: 고전단 평가점 | C12: 각 반복의 실제 측정 최고 RPM. 그 Step이 채널에서 부적격이면 NO VALUE
B13: 현재 Lot의 측정 최고 RPM | C13: 5.0 rpm
B14: 4 rpm | C14: 중간 측정점; 대표 고전단 기준 아님
B15: 분석기 | C15: HB-analysis-06-6 / LotQC-2.8 | 실행
B16: 무전단 안정화 | C16: 존재=True | Step S1 | 목표 RPM 0 | 목표 온도 25.0 °C | 목표 600.0 s | 실제 600.0 s | 평균 온도 25.0 °C | min 25.0 / max 25.0 | sampling 1.0 s | 상태 VALID | repeat 01 | 시료 이송 중 발생한 구조 교란 회복을 위한 무전단 안정화; 유동·H-B·SSI 계산에서는 제외
B18: 지표 층위 — 무엇을 말하고 무엇을 말하지 않는가
B19: T1 Lot 동일성 핵심 | C19: 매 Lot 비교의 1차 fingerprint. 조성·원료·혼합·탈포 편차를 가장 직접적으로 반영하며, 측정 정밀도가 확보된 직접 관측값 위주로 구성.
B20: T2 구조 이력·회복 | C20: 전단 이력에 대한 구조 붕괴와 재형성(요변성의 시간 측면). 원심 중 유동화와 원심 후 장벽 재겔화의 간접 지표.
B21: T3 모델·진단 | C21: 모델 외삽·파라미터 상관이 있는 파생값과 진단값. 개발·변경관리·이상조사용이며 기능 상관 검증 전 규격 사용 금지.
B22: DQ 데이터 품질 | C22: 측정 자체의 유효성(신호 크기·분해능·준평형·온도·정량 Step 수). 물성이 아니라 해당 Lot 값의 신뢰도를 말함.
B23: 지표별 Lot 통계 (숫자 열은 Metric_Statistics 수식 참조; 상태·사유는 Python 판정)
B24: 층위 | C24: Code | D24: Role | E24: 지표 | F24: 가리키는 물성 | G24: 단위 | H24: 유효 n / 전체 | I24: Mean | J24: SD | K24: RSD(%) | L24: Min | M24: Max | N24: Range | O24: Mean |SD| | P24: 부호 +/− | Q24: 대표 채널 | R24: n EXC | S24: n CENS | T24: n Low-TQ Ref | U24: n High-TQ Ref | V24: 반복성 규칙(임시) | W24: GOOD ≤ | X24: REVIEW ≤ | Y24: 반복성 상태 | Z24: 적용 RPM | AA24: 적용 shear rate | AB24: 기여 Step | AC24: 적용 저점 RPM | AD24: 적용 고점 RPM | AE24: 적용 저점 Step | AF24: 적용 고점 Step | AG24: 적용 저점 shear rate | AH24: 적용 고점 shear rate | AI24: 선택 규칙 | AJ24: 분자 RPM | AK24: 분모 RPM | AL24: 분자 Step | AM24: 분모 Step | AN24: 분자 shear rate | AO24: 분모 shear rate | AP24: 실제 RPM 배율 | AQ24: source type | AR24: Included in Lot stats | AS24: Lot-stat exclusion reason | AT24: 값 상태 | AU24: 데이터 상태 | AV24: 합격성 반영 | AW24: 비고·제외 근거(반복)
B25: T1 Lot 동일성 핵심 | C25: A_TAU_L_UP | D25: CORE | E25: 저전단 구조 저항 τ↑(0.5 rpm) | F25: 휴지 중 형성된 실리카·겔화제 네트워크가 최저 정량 전단에서 흐름에 저항하는 크기(저전단 구조강도의 상대값). | G25: Pa | H25: 1 / 1 | I25: 200 | L25: 200 | M25: 200 | N25: 0 | O25: 200 | P25: +1/−0 | Q25: INCLUSIVE | R25: 0 | S25: 0 | T25: 0 | U25: 0 | V25: RSD | W25: 10 | X25: 20 | Y25: =IF(OR(V25="-",H25<2),"N/A",IF(V25="RSD",IF(ISNUMBER(K25),IF(K25<=W25,"GOOD",IF(K25<=X25,"REVIEW","HIGH VAR")),"HIGH VAR"),IF(J25<=W25,"GOOD",IF(J25<=X25,"REVIEW","HIGH VAR")))) | Z25: 0.5 | AA25: 1 | AB25: S4 | AC25: 0.5 | AE25: S4 | AG25: 1 | AI25: fixed low reference 0.5 rpm | AR25: Yes | AT25: strict 정량값 | AU25: VALID | AV25: ELIGIBLE | AW25: INCLUSIVE | strict 정량값 | 60 s hold, Torque 10–95% 범위 내 | Steps S4 | RPM 0.5 | γ̇ 1 | fixed low reference 0.5 rpm
B26: T1 Lot 동일성 핵심 | C26: A_TAU_M_UP | D26: CORE | E26: 중간 전단 유동 저항 τ↑(2 rpm) | F26: 구조 일부가 전단으로 해체된 상태의 유동 저항. 측정창 중 Torque 여유가 커 반복 정밀도가 가장 좋은 기준점. | G26: Pa | H26: 1 / 1 | I26: 200 | L26: 200 | M26: 200 | N26: 0 | O26: 200 | P26: +1/−0 | Q26: INCLUSIVE | R26: 0 | S26: 0 | T26: 0 | U26: 0 | V26: RSD | W26: 10 | X26: 20 | Y26: =IF(OR(V26="-",H26<2),"N/A",IF(V26="RSD",IF(ISNUMBER(K26),IF(K26<=W26,"GOOD",IF(K26<=X26,"REVIEW","HIGH VAR")),"HIGH VAR"),IF(J26<=W26,"GOOD",IF(J26<=X26,"REVIEW","HIGH VAR")))) | Z26: 2.0 | AA26: 4 | AB26: S8 | AI26: fixed mid reference 2.0 rpm | AR26: Yes | AT26: strict 정량값 | AU26: VALID | AV26: ELIGIBLE | AW26: INCLUSIVE | strict 정량값 | 60 s hold, Torque 10–95% 범위 내 | Steps S8 | RPM 2.0 | γ̇ 4 | fixed mid reference 2.0 rpm
B27: T1 Lot 동일성 핵심 | C27: A_TAU_H_UP | D27: CORE | E27: 고전단 유동 저항 (실제 최고 RPM) | F27: 그 측정에서 실제로 도달한 최고 전단의 유동 저항. | G27: Pa | H27: 1 / 1 | I27: 200 | L27: 200 | M27: 200 | N27: 0 | O27: 200 | P27: +1/−0 | Q27: INCLUSIVE | R27: 0 | S27: 0 | T27: 0 | U27: 0 | V27: RSD | W27: 10 | X27: 20 | Y27: =IF(OR(V27="-",H27<2),"N/A",IF(V27="RSD",IF(ISNUMBER(K27),IF(K27<=W27,"GOOD",IF(K27<=X27,"REVIEW","HIGH VAR")),"HIGH VAR"),IF(J27<=W27,"GOOD",IF(J27<=X27,"REVIEW","HIGH VAR")))) | Z27: 5.0 | AA27: 10 | AB27: S11 | AD27: 5 | AF27: S11 | AH27: 10 | AI27: actual measured maximum RPM | AR27: Yes | AT27: strict 정량값 | AU27: VALID | AV27: ELIGIBLE | AW27: INCLUSIVE | strict 정량값 | 60 s hold, Torque 10–95% 범위 내 | Steps S11 | RPM 5.0 | γ̇ 10 | actual measured maximum RPM | [OK] 실제 최고 RPM 5.0 rpm, Step S11, shear rate 10 s⁻¹; 5.0 rpm Step S11 사용 (01)
B28: T1 Lot 동일성 핵심 | C28: A_ETA_MIN_UP | D28: CORE | E28: 최저 측정 RPM 겉보기 점도 — 상승 | F28: 상승 경로에서 가장 낮은 전단의 겉보기 점도. | G28: cP | H28: 1 / 1 | I28: 500000 | L28: 500000 | M28: 500000 | N28: 0 | O28: 500000 | P28: +1/−0 | Q28: INCLUSIVE | R28: 0 | S28: 0 | T28: 0 | U28: 0 | V28: RSD | W28: 10 | X28: 20 | Y28: =IF(OR(V28="-",H28<2),"N/A",IF(V28="RSD",IF(ISNUMBER(K28),IF(K28<=W28,"GOOD",IF(K28<=X28,"REVIEW","HIGH VAR")),"HIGH VAR"),IF(J28<=W28,"GOOD",IF(J28<=X28,"REVIEW","HIGH VAR")))) | Z28: 0.2 | AA28: 0.4 | AB28: S2 | AC28: 0.2 | AE28: S2 | AG28: 0.4 | AI28: actual minimum measured eligible Up RPM; fixed low reference 0.5 rpm이 아님 | AR28: Yes | AT28: strict 정량값 | AU28: VALID | AV28: ELIGIBLE | AW28: INCLUSIVE | strict 정량값 | 60 s hold, Torque 10–95% 범위 내 | Steps S2 | RPM 0.2 | γ̇ 0.4 | actual minimum measured eligible Up RPM; fixed low reference 0.5 rpm이 아님
B29: T1 Lot 동일성 핵심 | C29: A_ETA_HIGH | D29: CORE | E29: 고전단 겉보기 점도 (실제 최고 RPM) | F29: 프로그램 최고 전단에서의 겉보기 점도. | G29: cP | H29: 1 / 1 | I29: 20000 | L29: 20000 | M29: 20000 | N29: 0 | O29: 20000 | P29: +1/−0 | Q29: INCLUSIVE | R29: 0 | S29: 0 | T29: 0 | U29: 0 | V29: RSD | W29: 10 | X29: 20 | Y29: =IF(OR(V29="-",H29<2),"N/A",IF(V29="RSD",IF(ISNUMBER(K29),IF(K29<=W29,"GOOD",IF(K29<=X29,"REVIEW","HIGH VAR")),"HIGH VAR"),IF(J29<=W29,"GOOD",IF(J29<=X29,"REVIEW","HIGH VAR")))) | Z29: 5.0 | AA29: 10 | AB29: S11 | AD29: 5 | AF29: S11 | AH29: 10 | AI29: actual measured maximum RPM | AR29: Yes | AT29: strict 정량값 | AU29: VALID | AV29: ELIGIBLE | AW29: INCLUSIVE | strict 정량값 | 60 s hold, Torque 10–95% 범위 내 | Steps S11 | RPM 5.0 | γ̇ 10 | actual measured maximum RPM | [OK] 실제 최고 RPM 5.0 rpm, Step S11, shear rate 10 s⁻¹ (01)
B30: T1 Lot 동일성 핵심 | C30: A_SSI_FIELD_0P2_2 | D30: CORE | E30: 현장 SSI (0.2/2 rpm) | F30: 현장 전단박화 지수. 정확한 0.2 rpm과 2.0 rpm Up 대표 점도의 비. | G30: - | H30: 1 / 1 | I30: 10 | L30: 10 | M30: 10 | N30: 0 | O30: 10 | P30: +1/−0 | Q30: INCLUSIVE | R30: 0 | S30: 0 | T30: 0 | U30: 0 | V30: RSD | W30: 10 | X30: 20 | Y30: =IF(OR(V30="-",H30<2),"N/A",IF(V30="RSD",IF(ISNUMBER(K30),IF(K30<=W30,"GOOD",IF(K30<=X30,"REVIEW","HIGH VAR")),"HIGH VAR"),IF(J30<=W30,"GOOD",IF(J30<=X30,"REVIEW","HIGH VAR")))) | Z30: 0.2,2 | AA30: 0.4,4 | AB30: S2,S8 | AC30: 0.2 | AD30: 2 | AE30: S2 | AF30: S8 | AI30: exact measured Up 0.2 rpm / exact measured Up 2.0 rpm | AJ30: 0.2 | AK30: 2.0 | AL30: S2 | AM30: S8 | AN30: 0.4 | AO30: 4 | AP30: 10 | AQ30: measured | AR30: Yes | AT30: strict 정량값 | AU30: VALID | AV30: ELIGIBLE | AW30: INCLUSIVE | strict 정량값 | 60 s hold, Torque 10–95% 범위 내 | Steps S2,S8 | RPM 0.2,2 | γ̇ 0.4,4 | exact measured Up 0.2 rpm / exact measured Up 2.0 rpm | [OK] eta_up(0.2 rpm, S2) / eta(2 rpm, Up endpoint S8) (01)
B31: T1 Lot 동일성 핵심 | C31: A_SSI_QC_0P5_5 | D31: CORE | E31: Step-flow QC SSI (0.5/5 rpm) | F31: Step-flow QC 전단박화 지수. 정확한 0.5 rpm Up과 5.0 rpm endpoint의 비. | G31: - | H31: 1 / 1 | I31: 10 | L31: 10 | M31: 10 | N31: 0 | O31: 10 | P31: +1/−0 | Q31: INCLUSIVE | R31: 0 | S31: 0 | T31: 0 | U31: 0 | V31: RSD | W31: 10 | X31: 20 | Y31: =IF(OR(V31="-",H31<2),"N/A",IF(V31="RSD",IF(ISNUMBER(K31),IF(K31<=W31,"GOOD",IF(K31<=X31,"REVIEW","HIGH VAR")),"HIGH VAR"),IF(J31<=W31,"GOOD",IF(J31<=X31,"REVIEW","HIGH VAR")))) | Z31: 0.5,5 | AA31: 1,10 | AB31: S4,S11 | AC31: 0.5 | AD31: 5 | AE31: S4 | AF31: S11 | AI31: exact measured Up 0.5 rpm / exact measured 5.0 rpm Up endpoint or shared turnaround | AJ31: 0.5 | AK31: 5.0 | AL31: S4 | AM31: S11 | AN31: 1 | AO31: 10 | AP31: 10 | AQ31: measured | AR31: Yes | AT31: strict 정량값 | AU31: VALID | AV31: ELIGIBLE | AW31: INCLUSIVE | strict 정량값 | 60 s hold, Torque 10–95% 범위 내 | Steps S4,S11 | RPM 0.5,5 | γ̇ 1,10 | exact measured Up 0.5 rpm / exact measured 5.0 rpm Up endpoint or shared turnaround | [OK] eta_up(0.5 rpm, S4) / eta(5 rpm, Up endpoint S11) (01)
B32: T1 Lot 동일성 핵심 | C32: A_ETA_LOW_DN | D32: CORE | E32: 저전단 겉보기 점도 — 하강 | F32: 고전단 이력 후 가장 낮은 하강 전단의 겉보기 점도. | G32: cP | H32: 0 / 1 | Q32: INCLUSIVE | R32: 0 | S32: 0 | T32: 0 | U32: 0 | V32: RSD | W32: 10 | X32: 20 | Y32: =IF(OR(V32="-",H32<2),"N/A",IF(V32="RSD",IF(ISNUMBER(K32),IF(K32<=W32,"GOOD",IF(K32<=X32,"REVIEW","HIGH VAR")),"HIGH VAR"),IF(J32<=W32,"GOOD",IF(J32<=X32,"REVIEW","HIGH VAR")))) | AR32: No | AS32: Down 분석 가능 Step 없음 | AT32: NO VALUE | AU32: NO VALUE | AV32: EXCLUDED | AW32: INCLUSIVE | NO VALUE | [NO VALUE] Down 분석 가능 Step 없음 (01)
B33: T1 Lot 동일성 핵심 | C33: D_RHO25 | D33: CORE | E33: 25 °C 탈포 젤 겉보기 밀도 ρ25 | F33: 젤 단위 부피당 질량. 수지·가소제 대 실리카 등 충전재의 배합비와 잔류 기포량이 합쳐진 값. | G33: g/mL | H33: 0 / 0 | Q33: STRICT | R33: 0 | S33: 0 | T33: 0 | U33: 0 | V33: SD | W33: 0.002 | X33: 0.005 | Y33: =IF(OR(V33="-",H33<2),"N/A",IF(V33="RSD",IF(ISNUMBER(K33),IF(K33<=W33,"GOOD",IF(K33<=X33,"REVIEW","HIGH VAR")),"HIGH VAR"),IF(J33<=W33,"GOOD",IF(J33<=X33,"REVIEW","HIGH VAR")))) | AR33: No | AT33: NO VALUE | AU33: NO DATA | AV33: NO DATA | AW33: STRICT | NO VALUE
B34: T2 구조 이력·회복 | C34: A_DU_L | D34: PROCESS_SENSITIVE | E34: 저전단 잔류 구조율 D/U(0.5 rpm) | F34: 최고 전단 이력 후 하강 경로에서 같은 저전단으로 돌아왔을 때 남아 있거나 재형성된 구조의 비율(Method A 시간척도). | G34: % | H34: 0 / 1 | Q34: INCLUSIVE | R34: 0 | S34: 0 | T34: 0 | U34: 0 | V34: SD | W34: 2 | X34: 5 | Y34: =IF(OR(V34="-",H34<2),"N/A",IF(V34="RSD",IF(ISNUMBER(K34),IF(K34<=W34,"GOOD",IF(K34<=X34,"REVIEW","HIGH VAR")),"HIGH VAR"),IF(J34<=W34,"GOOD",IF(J34<=X34,"REVIEW","HIGH VAR")))) | AR34: No | AS34: S4 Up 0.5 rpm; Down 0.5 rpm Step 없음 | AT34: strict 정량값 | AU34: NO VALUE | AV34: EXCLUDED | AW34: INCLUSIVE | strict 정량값 | 60 s hold, Torque 10–95% 범위 내 | [NO VALUE] S4 Up 0.5 rpm; Down 0.5 rpm Step 없음 (01)
B35: T2 구조 이력·회복 | C35: A_DU_M | D35: PROCESS_SENSITIVE | E35: 중간 전단 잔류 구조율 D/U(2 rpm) | F35: 중간 전단에서 고전단 이력 전후 유동 저항의 비. 저전단 D/U보다 Torque 여유가 커 정밀도가 좋음. | G35: % | H35: 0 / 1 | Q35: INCLUSIVE | R35: 0 | S35: 0 | T35: 0 | U35: 0 | V35: SD | W35: 2 | X35: 5 | Y35: =IF(OR(V35="-",H35<2),"N/A",IF(V35="RSD",IF(ISNUMBER(K35),IF(K35<=W35,"GOOD",IF(K35<=X35,"REVIEW","HIGH VAR")),"HIGH VAR"),IF(J35<=W35,"GOOD",IF(J35<=X35,"REVIEW","HIGH VAR")))) | AR35: No | AS35: S8 Up 2 rpm; Down 2 rpm Step 없음 | AT35: strict 정량값 | AU35: NO VALUE | AV35: EXCLUDED | AW35: INCLUSIVE | strict 정량값 | 60 s hold, Torque 10–95% 범위 내 | [NO VALUE] S8 Up 2 rpm; Down 2 rpm Step 없음 (01)
B36: T2 구조 이력·회복 | C36: A_HYS_REL | D36: PROCESS_SENSITIVE | E36: 상대 응력 히스테리시스 | F36: 상승·하강 경로 전체에서 전단 이력으로 생긴 곡선 차이의 정규화 크기(구조 붕괴와 재구축의 불균형 총량). | G36: % | H36: 0 / 1 | Q36: INCLUSIVE | R36: 0 | S36: 0 | T36: 0 | U36: 0 | V36: SD | W36: 1 | X36: 2 | Y36: =IF(OR(V36="-",H36<2),"N/A",IF(V36="RSD",IF(ISNUMBER(K36),IF(K36<=W36,"GOOD",IF(K36<=X36,"REVIEW","HIGH VAR")),"HIGH VAR"),IF(J36<=W36,"GOOD",IF(J36<=X36,"REVIEW","HIGH VAR")))) | AR36: No | AS36: 공통 전단률 0쌍 | Full H-B only; no paired point for hysteresis: S2 0.2 rpm, S3 0.35 rpm, S4 0.5 rpm, S5 0.7 rpm, S6 1 rpm, S7 1.5 rpm, S8 2 rpm, S9 3 rpm, S10 4 rpm, S11 5 rpm | AT36: NO VALUE | AU36: NO VALUE | AV36: EXCLUDED | AW36: INCLUSIVE | NO VALUE | [NO VALUE] 공통 전단률 0쌍 | Full H-B only; no paired point for hysteresis: S2 0.2 rpm, S3 0.35 rpm, S4 0.5 rpm, S5 0.7 rpm, S6 1 rpm, S7 1.5 rpm, S8 2 rpm, S9 3 rpm, S10 4 rpm, S11 5 rpm (01)
B37: T2 구조 이력·회복 | C37: A_BRK_PEAK | D37: PROCESS_SENSITIVE | E37: 최고 전단 Step 내 구조 붕괴율 | F37: 일정한 고전단 유지 중 시간에 따라 구조가 계속 해체되는 정도(요변성의 붕괴 측면). 0 % 기준의 차이형 지표. | G37: % | H37: 1 / 1 | I37: 0 | L37: 0 | M37: 0 | N37: 0 | O37: 0 | P37: +0/−0/0×1 | Q37: INCLUSIVE | R37: 0 | S37: 0 | T37: 0 | U37: 0 | V37: SD | W37: 1 | X37: 2 | Y37: =IF(OR(V37="-",H37<2),"N/A",IF(V37="RSD",IF(ISNUMBER(K37),IF(K37<=W37,"GOOD",IF(K37<=X37,"REVIEW","HIGH VAR")),"HIGH VAR"),IF(J37<=W37,"GOOD",IF(J37<=X37,"REVIEW","HIGH VAR")))) | AR37: Yes | AT37: strict 정량값 | AU37: VALID | AV37: ELIGIBLE | AW37: INCLUSIVE | strict 정량값 | 60 s hold, Torque 10–95% 범위 내
B38: T2 구조 이력·회복 | C38: A_STATIC_YIELD_APPROX_UP | D38: PROCESS_SENSITIVE | E38: 근사 정적 항복응력 — 상승 Start-up | F38: 초기 저전단에서 흐름이 시작될 때의 응력 피크. A_OVS_L(초과율 %)과 다른 절대 응력이다. | G38: Pa | H38: 1 / 1 | I38: 200 | L38: 200 | M38: 200 | N38: 0 | O38: 200 | P38: +1/−0 | Q38: INCLUSIVE | R38: 0 | S38: 0 | T38: 0 | U38: 0 | V38: RSD | W38: 15 | X38: 30 | Y38: =IF(OR(V38="-",H38<2),"N/A",IF(V38="RSD",IF(ISNUMBER(K38),IF(K38<=W38,"GOOD",IF(K38<=X38,"REVIEW","HIGH VAR")),"HIGH VAR"),IF(J38<=W38,"GOOD",IF(J38<=X38,"REVIEW","HIGH VAR")))) | Z38: 0.2 | AA38: 0.4 | AB38: S2 | AC38: 0.2 | AE38: S2 | AG38: 0.4 | AI38: actual minimum measured eligible Up RPM; fixed low reference 0.5 rpm이 아님 | AR38: Yes | AT38: strict 정량값 | AU38: VALID | AV38: ELIGIBLE | AW38: INCLUSIVE | strict 정량값 | 60 s hold, Torque 10–95% 범위 내 | Steps S2 | RPM 0.2 | γ̇ 0.4 | actual minimum measured eligible Up RPM; fixed low reference 0.5 rpm이 아님
B39: T2 구조 이력·회복 | C39: A_POST_SHEAR_STARTUP_STRESS | D39: PROCESS_SENSITIVE | E39: Post-shear residual start-up stress | F39: 고전단 이력 후 저전단으로 돌아왔을 때의 잔류 개시 응력. | G39: Pa | H39: 0 / 1 | Q39: INCLUSIVE | R39: 0 | S39: 0 | T39: 0 | U39: 0 | V39: RSD | W39: 15 | X39: 30 | Y39: =IF(OR(V39="-",H39<2),"N/A",IF(V39="RSD",IF(ISNUMBER(K39),IF(K39<=W39,"GOOD",IF(K39<=X39,"REVIEW","HIGH VAR")),"HIGH VAR"),IF(J39<=W39,"GOOD",IF(J39<=X39,"REVIEW","HIGH VAR")))) | AR39: No | AS39: Down 분석 가능 Step 없음 | AT39: NO VALUE | AU39: NO VALUE | AV39: EXCLUDED | AW39: INCLUSIVE | NO VALUE | [NO VALUE] Down 분석 가능 Step 없음 (01)
B40: T2 구조 이력·회복 | C40: A_POST_SHEAR_STRESS_RETENTION | D40: PROCESS_SENSITIVE | E40: Post-shear stress retention | F40: 같은 저전단에서 고전단 이력 전후 개시 응력의 유지 비율. | G40: % | H40: 0 / 1 | Q40: INCLUSIVE | R40: 0 | S40: 0 | T40: 0 | U40: 0 | V40: SD | W40: 5 | X40: 10 | Y40: =IF(OR(V40="-",H40<2),"N/A",IF(V40="RSD",IF(ISNUMBER(K40),IF(K40<=W40,"GOOD",IF(K40<=X40,"REVIEW","HIGH VAR")),"HIGH VAR"),IF(J40<=W40,"GOOD",IF(J40<=X40,"REVIEW","HIGH VAR")))) | AR40: No | AS40: 공통 RPM 없음 — 보간하지 않음 | AT40: NO VALUE | AU40: NO VALUE | AV40: EXCLUDED | AW40: INCLUSIVE | NO VALUE | [NO VALUE] 공통 RPM 없음 — 보간하지 않음 (01)
B41: T2 구조 이력·회복 | C41: A_ETA_RECOVERY_LOW | D41: PROCESS_SENSITIVE | E41: 점도 회복률 — 최저 공통 RPM | F41: 최저 공통 전단에서의 겉보기 점도 회복률. | G41: % | H41: 0 / 1 | Q41: INCLUSIVE | R41: 0 | S41: 0 | T41: 0 | U41: 0 | V41: SD | W41: 3 | X41: 6 | Y41: =IF(OR(V41="-",H41<2),"N/A",IF(V41="RSD",IF(ISNUMBER(K41),IF(K41<=W41,"GOOD",IF(K41<=X41,"REVIEW","HIGH VAR")),"HIGH VAR"),IF(J41<=W41,"GOOD",IF(J41<=X41,"REVIEW","HIGH VAR")))) | AR41: No | AS41: 공통 RPM 없음 — 보간하지 않음 | AT41: NO VALUE | AU41: NO VALUE | AV41: EXCLUDED | AW41: INCLUSIVE | NO VALUE | [NO VALUE] 공통 RPM 없음 — 보간하지 않음 (01)
B42: T2 구조 이력·회복 | C42: A_HYS_AREA_SIGNED | D42: PROCESS_SENSITIVE | E42: 응력 히스테리시스 signed area | F42: 상승·하강 응력 차이의 부호 있는 면적. | G42: Pa/s | H42: 0 / 1 | Q42: INCLUSIVE | R42: 0 | S42: 0 | T42: 0 | U42: 0 | V42: SD | W42: 5 | X42: 10 | Y42: =IF(OR(V42="-",H42<2),"N/A",IF(V42="RSD",IF(ISNUMBER(K42),IF(K42<=W42,"GOOD",IF(K42<=X42,"REVIEW","HIGH VAR")),"HIGH VAR"),IF(J42<=W42,"GOOD",IF(J42<=X42,"REVIEW","HIGH VAR")))) | AR42: No | AS42: 공통 전단률 0쌍(<2) — 면적 적분 불가 | AT42: NO VALUE | AU42: NO VALUE | AV42: EXCLUDED | AW42: INCLUSIVE | NO VALUE | [NO VALUE] 공통 전단률 0쌍(<2) — 면적 적분 불가 (01)
B43: T2 구조 이력·회복 | C43: A_HYS_AREA_ABS | D43: PROCESS_SENSITIVE | E43: 응력 히스테리시스 absolute area | F43: 부호를 접은 이력 면적. | G43: Pa/s | H43: 0 / 1 | Q43: INCLUSIVE | R43: 0 | S43: 0 | T43: 0 | U43: 0 | V43: SD | W43: 5 | X43: 10 | Y43: =IF(OR(V43="-",H43<2),"N/A",IF(V43="RSD",IF(ISNUMBER(K43),IF(K43<=W43,"GOOD",IF(K43<=X43,"REVIEW","HIGH VAR")),"HIGH VAR"),IF(J43<=W43,"GOOD",IF(J43<=X43,"REVIEW","HIGH VAR")))) | AR43: No | AS43: 공통 전단률 0쌍(<2) — 면적 적분 불가 | AT43: NO VALUE | AU43: NO VALUE | AV43: EXCLUDED | AW43: INCLUSIVE | NO VALUE | [NO VALUE] 공통 전단률 0쌍(<2) — 면적 적분 불가 (01)
B44: T2 구조 이력·회복 | C44: B_ETA_BASE | D44: PROCESS_SENSITIVE | E44: 3ITT 기준 저전단 점도 η_base | F44: 시험 직전 휴지 구조의 저전단 저항. 회복률 계산의 기준 구조(분모). | G44: cP | H44: 0 / 0 | Q44: STRICT | R44: 0 | S44: 0 | T44: 0 | U44: 0 | V44: RSD | W44: 10 | X44: 20 | Y44: =IF(OR(V44="-",H44<2),"N/A",IF(V44="RSD",IF(ISNUMBER(K44),IF(K44<=W44,"GOOD",IF(K44<=X44,"REVIEW","HIGH VAR")),"HIGH VAR"),IF(J44<=W44,"GOOD",IF(J44<=X44,"REVIEW","HIGH VAR")))) | AR44: No | AT44: NO VALUE | AU44: NO DATA | AV44: NO DATA | AW44: STRICT | NO VALUE
B45: T2 구조 이력·회복 | C45: B_BRK_DECAY | D45: PROCESS_SENSITIVE | E45: 3ITT 고전단 구간 붕괴율 | F45: 정해진 고전단 유지 중 구조 해체의 진행 정도(원심 전단 모사 구간의 붕괴량). 0 % 기준의 차이형 지표. | G45: % | H45: 0 / 0 | Q45: STRICT | R45: 0 | S45: 0 | T45: 0 | U45: 0 | V45: SD | W45: 1 | X45: 2 | Y45: =IF(OR(V45="-",H45<2),"N/A",IF(V45="RSD",IF(ISNUMBER(K45),IF(K45<=W45,"GOOD",IF(K45<=X45,"REVIEW","HIGH VAR")),"HIGH VAR"),IF(J45<=W45,"GOOD",IF(J45<=X45,"REVIEW","HIGH VAR")))) | AR45: No | AT45: NO VALUE | AU45: NO DATA | AV45: NO DATA | AW45: STRICT | NO VALUE
B46: T2 구조 이력·회복 | C46: B_R60 | D46: PROCESS_SENSITIVE | E46: 60초 구조 회복률 R60 | F46: 고전단 해제 직후 1분 안에 저전단에서 기준 대비 재형성된 구조의 비율. | G46: % | H46: 0 / 0 | Q46: STRICT | R46: 0 | S46: 0 | T46: 0 | U46: 0 | V46: SD | W46: 3 | X46: 6 | Y46: =IF(OR(V46="-",H46<2),"N/A",IF(V46="RSD",IF(ISNUMBER(K46),IF(K46<=W46,"GOOD",IF(K46<=X46,"REVIEW","HIGH VAR")),"HIGH VAR"),IF(J46<=W46,"GOOD",IF(J46<=X46,"REVIEW","HIGH VAR")))) | AR46: No | AT46: NO VALUE | AU46: NO DATA | AV46: NO DATA | AW46: STRICT | NO VALUE
B47: T2 구조 이력·회복 | C47: B_R300 | D47: PROCESS_SENSITIVE | E47: 300초 구조 회복률 R300 | F47: 5분 시간척도에서의 구조 재형성 정도(느린 재구축 성분 포함). | G47: % | H47: 0 / 0 | Q47: STRICT | R47: 0 | S47: 0 | T47: 0 | U47: 0 | V47: SD | W47: 3 | X47: 6 | Y47: =IF(OR(V47="-",H47<2),"N/A",IF(V47="RSD",IF(ISNUMBER(K47),IF(K47<=W47,"GOOD",IF(K47<=X47,"REVIEW","HIGH VAR")),"HIGH VAR"),IF(J47<=W47,"GOOD",IF(J47<=X47,"REVIEW","HIGH VAR")))) | AR47: No | AT47: NO VALUE | AU47: NO DATA | AV47: NO DATA | AW47: STRICT | NO VALUE
B48: T2 구조 이력·회복 | C48: B_T90 | D48: CENSORED_METRIC | E48: 90% 회복 도달시간 t90 | F48: 구조 재형성의 시간척도. | G48: s | H48: 0 / 0 | Q48: STRICT | R48: 0 | S48: 0 | T48: 0 | U48: 0 | V48: RSD | W48: 20 | X48: 35 | Y48: =IF(OR(V48="-",H48<2),"N/A",IF(V48="RSD",IF(ISNUMBER(K48),IF(K48<=W48,"GOOD",IF(K48<=X48,"REVIEW","HIGH VAR")),"HIGH VAR"),IF(J48<=W48,"GOOD",IF(J48<=X48,"REVIEW","HIGH VAR")))) | AR48: No | AT48: NO VALUE | AU48: NO DATA | AV48: — | AW48: STRICT | NO VALUE
B49: T3 모델·진단 | C49: A_HB_TAUY_UP | D49: CORE | E49: 동적 항복응력 — 상승 Full H-B | F49: 상승 유동곡선 전체를 γ̇→0으로 외삽한 모델상 흐름 개시 응력. | G49: Pa | H49: 1 / 1 | I49: 200 | L49: 200 | M49: 200 | N49: 0 | O49: 200 | P49: +1/−0 | Q49: INCLUSIVE | R49: 0 | S49: 0 | T49: 0 | U49: 0 | V49: RSD | W49: 10 | X49: 20 | Y49: =IF(OR(V49="-",H49<2),"N/A",IF(V49="RSD",IF(ISNUMBER(K49),IF(K49<=W49,"GOOD",IF(K49<=X49,"REVIEW","HIGH VAR")),"HIGH VAR"),IF(J49<=W49,"GOOD",IF(J49<=X49,"REVIEW","HIGH VAR")))) | Z49: 0.2,0.35,0.5,0.7,1,1.5,2,3,4,5 | AA49: 0.4–10 | AB49: S2,S3,S4,S5,S6,S7,S8,S9,S10,S11 | AR49: Yes | AT49: strict 정량값 | AU49: VALID | AV49: ELIGIBLE | AW49: INCLUSIVE | Full H-B | strict 정량값 | 60 s hold, Torque 10–95% 범위 내 | Steps S2,S3,S4,S5,S6,S7,S8,S9,S10,S11 | RPM 0.2,0.35,0.5,0.7,1,1.5,2,3,4,5 | γ̇ 0.4–10
B50: T3 모델·진단 | C50: A_HB_K_UP | D50: CORE | E50: Consistency K↑ (H-B, Up Full) | F50: 항복 후 유동 저항의 크기. n과 결합되어 의미를 가짐. | G50: Pa·sⁿ | H50: 1 / 1 | I50: 2.8097743e-07 | L50: 2.8097743e-07 | M50: 2.8097743e-07 | N50: 0 | O50: 2.8097743e-07 | P50: +1/−0 | Q50: INCLUSIVE | R50: 0 | S50: 0 | T50: 0 | U50: 0 | V50: RSD | W50: 10 | X50: 20 | Y50: =IF(OR(V50="-",H50<2),"N/A",IF(V50="RSD",IF(ISNUMBER(K50),IF(K50<=W50,"GOOD",IF(K50<=X50,"REVIEW","HIGH VAR")),"HIGH VAR"),IF(J50<=W50,"GOOD",IF(J50<=X50,"REVIEW","HIGH VAR")))) | Z50: 0.2,0.35,0.5,0.7,1,1.5,2,3,4,5 | AA50: 0.4–10 | AB50: S2,S3,S4,S5,S6,S7,S8,S9,S10,S11 | AR50: Yes | AT50: strict 정량값 | AU50: VALID | AV50: ELIGIBLE | AW50: INCLUSIVE | Full H-B | strict 정량값 | 60 s hold, Torque 10–95% 범위 내 | Steps S2,S3,S4,S5,S6,S7,S8,S9,S10,S11 | RPM 0.2,0.35,0.5,0.7,1,1.5,2,3,4,5 | γ̇ 0.4–10
B51: T3 모델·진단 | C51: A_HB_N_UP | D51: CORE | E51: Flow index n↑ (H-B, Up Full) | F51: 전단률 의존 형상. n<1 전단박화, n=1 Bingham형. | G51: - | H51: 1 / 1 | I51: 0.050002953 | L51: 0.050002953 | M51: 0.050002953 | N51: 0 | O51: 0.050002953 | P51: +1/−0 | Q51: INCLUSIVE | R51: 0 | S51: 0 | T51: 0 | U51: 0 | V51: RSD | W51: 10 | X51: 20 | Y51: =IF(OR(V51="-",H51<2),"N/A",IF(V51="RSD",IF(ISNUMBER(K51),IF(K51<=W51,"GOOD",IF(K51<=X51,"REVIEW","HIGH VAR")),"HIGH VAR"),IF(J51<=W51,"GOOD",IF(J51<=X51,"REVIEW","HIGH VAR")))) | Z51: 0.2,0.35,0.5,0.7,1,1.5,2,3,4,5 | AA51: 0.4–10 | AB51: S2,S3,S4,S5,S6,S7,S8,S9,S10,S11 | AR51: Yes | AT51: strict 정량값 | AU51: VALID | AV51: ELIGIBLE | AW51: INCLUSIVE | Full H-B | strict 정량값 | 60 s hold, Torque 10–95% 범위 내 | Steps S2,S3,S4,S5,S6,S7,S8,S9,S10,S11 | RPM 0.2,0.35,0.5,0.7,1,1.5,2,3,4,5 | γ̇ 0.4–10
B52: T3 모델·진단 | C52: A_HB_R2_UP | D52: DIAGNOSTIC | E52: H-B 적합도 R²↑ Full | F52: 측정점과 H-B 모델의 일치도. 품질 우수성 지표가 아니라 계산 신뢰성 확인값(진단). | G52: - | H52: 0 / 1 | Q52: INCLUSIVE | R52: 0 | S52: 0 | T52: 0 | U52: 0 | V52: - | Y52: N/A | AR52: No | AS52: Up Full: OK — 피팅 진단값, Lot 판정 제외 | Full H-B | Steps S2,S3,S4,S5,S6,S7,S8,S9,S10,S11 | RPM 0.2,0.35,0.5,0.7,1,1.5,2,3,4,5 | n=10 | γ̇ 0.4–10 | AT52: strict 정량값 | AU52: NO VALUE | AV52: — | AW52: INCLUSIVE | strict 정량값 | 60 s hold, Torque 10–95% 범위 내 | [NO VALUE] Up Full: OK — 피팅 진단값, Lot 판정 제외 | Full H-B | Steps S2,S3,S4,S5,S6,S7,S8,S9,S10,S11 | RPM 0.2,0.35,0.5,0.7,1,1.5,2,3,4,5 | n=10 | γ̇ 0.4–10 (01)
B53: T3 모델·진단 | C53: A_HB_R2_DN | D53: DIAGNOSTIC | E53: H-B 적합도 R²↓ Full | F53: 하강 경로 측정점과 H-B 모델의 일치도. 계산 신뢰성 확인값(진단). | G53: - | H53: 0 / 1 | Q53: INCLUSIVE | R53: 0 | S53: 0 | T53: 0 | U53: 0 | V53: - | Y53: N/A | AR53: No | AS53: Down Full: INVALID — 유효점 4개 미만 — 피팅 진단값, Lot 판정 제외 | Full H-B | Steps | RPM | n=0 | γ̇ | AT53: NO VALUE | AU53: NO VALUE | AV53: — | AW53: INCLUSIVE | NO VALUE | [NO VALUE] Down Full: INVALID — 유효점 4개 미만 — 피팅 진단값, Lot 판정 제외 | Full H-B | Steps | RPM | n=0 | γ̇ (01)
B54: T3 모델·진단 | C54: A_HB_TAUY_DN | D54: CORE | E54: 동적 항복응력 — 하강 Full H-B | F54: 고전단 이력 후 하강 곡선 전체의 외삽 흐름 개시 응력. | G54: Pa | H54: 0 / 1 | Q54: INCLUSIVE | R54: 0 | S54: 0 | T54: 0 | U54: 0 | V54: RSD | W54: 10 | X54: 20 | Y54: =IF(OR(V54="-",H54<2),"N/A",IF(V54="RSD",IF(ISNUMBER(K54),IF(K54<=W54,"GOOD",IF(K54<=X54,"REVIEW","HIGH VAR")),"HIGH VAR"),IF(J54<=W54,"GOOD",IF(J54<=X54,"REVIEW","HIGH VAR")))) | AR54: No | AS54: Down Full: INVALID — 유효점 4개 미만 | Full H-B | Steps | RPM | n=0 | γ̇ | AT54: NO VALUE | AU54: NO VALUE | AV54: EXCLUDED | AW54: INCLUSIVE | NO VALUE | [NO VALUE] Down Full: INVALID — 유효점 4개 미만 | Full H-B | Steps | RPM | n=0 | γ̇ (01)
B55: T3 모델·진단 | C55: A_HB_K_DN | D55: CORE | E55: Consistency K↓ (H-B, Down Full) | F55: 고전단 이력 후 하강 상태의 유동 저항 크기. | G55: Pa·sⁿ | H55: 0 / 1 | Q55: INCLUSIVE | R55: 0 | S55: 0 | T55: 0 | U55: 0 | V55: RSD | W55: 10 | X55: 20 | Y55: =IF(OR(V55="-",H55<2),"N/A",IF(V55="RSD",IF(ISNUMBER(K55),IF(K55<=W55,"GOOD",IF(K55<=X55,"REVIEW","HIGH VAR")),"HIGH VAR"),IF(J55<=W55,"GOOD",IF(J55<=X55,"REVIEW","HIGH VAR")))) | AR55: No | AS55: Down Full: INVALID — 유효점 4개 미만 | Full H-B | Steps | RPM | n=0 | γ̇ | AT55: NO VALUE | AU55: NO VALUE | AV55: EXCLUDED | AW55: INCLUSIVE | NO VALUE | [NO VALUE] Down Full: INVALID — 유효점 4개 미만 | Full H-B | Steps | RPM | n=0 | γ̇ (01)
B56: T3 모델·진단 | C56: A_HB_N_DN | D56: CORE | E56: Flow index n↓ (H-B, Down Full) | F56: 하강 프로파일 형상. | G56: - | H56: 0 / 1 | Q56: INCLUSIVE | R56: 0 | S56: 0 | T56: 0 | U56: 0 | V56: RSD | W56: 10 | X56: 20 | Y56: =IF(OR(V56="-",H56<2),"N/A",IF(V56="RSD",IF(ISNUMBER(K56),IF(K56<=W56,"GOOD",IF(K56<=X56,"REVIEW","HIGH VAR")),"HIGH VAR"),IF(J56<=W56,"GOOD",IF(J56<=X56,"REVIEW","HIGH VAR")))) | AR56: No | AS56: Down Full: INVALID — 유효점 4개 미만 | Full H-B | Steps | RPM | n=0 | γ̇ | AT56: NO VALUE | AU56: NO VALUE | AV56: EXCLUDED | AW56: INCLUSIVE | NO VALUE | [NO VALUE] Down Full: INVALID — 유효점 4개 미만 | Full H-B | Steps | RPM | n=0 | γ̇ (01)
B57: T3 모델·진단 | C57: A_HB_TAUY_RATIO | D57: PROCESS_SENSITIVE | E57: H-B 항복응력 유지율 — Down/Up Full | F57: 전단 이력 후 외삽 항복 구조의 유지 비율. Full fit끼리의 비. | G57: % | H57: 0 / 1 | Q57: INCLUSIVE | R57: 0 | S57: 0 | T57: 0 | U57: 0 | V57: SD | W57: 5 | X57: 10 | Y57: =IF(OR(V57="-",H57<2),"N/A",IF(V57="RSD",IF(ISNUMBER(K57),IF(K57<=W57,"GOOD",IF(K57<=X57,"REVIEW","HIGH VAR")),"HIGH VAR"),IF(J57<=W57,"GOOD",IF(J57<=X57,"REVIEW","HIGH VAR")))) | AR57: No | AS57: Full H-B Up Full N=10 | Full H-B | Steps S2,S3,S4,S5,S6,S7,S8,S9,S10,S11 | RPM 0.2,0.35,0.5,0.7,1,1.5,2,3,4,5 | n=10 | γ̇ 0.4–10; Down Full: INVALID — 유효점 4개 미만 | Full H-B | Steps | RPM | n=0 | γ̇ | AT57: strict 정량값 | AU57: NO VALUE | AV57: EXCLUDED | AW57: INCLUSIVE | strict 정량값 | 60 s hold, Torque 10–95% 범위 내 | [NO VALUE] Full H-B Up Full N=10 | Full H-B | Steps S2,S3,S4,S5,S6,S7,S8,S9,S10,S11 | RPM 0.2,0.35,0.5,0.7,1,1.5,2,3,4,5 | n=10 | γ̇ 0.4–10; Down Full: INVALID — 유효점 4개 미만 | Full H-B | Steps | RPM | n=0 | γ̇ (01)
B58: T3 모델·진단 | C58: A_HDI | D58: PROCESS_SENSITIVE | E58: 등가중 이력 차이 지수 HDI | F58: γ̇ 간격 가중이 없는 상승·하강 차이의 평균적 크기. 저전단 쪽 차이도 동등하게 반영. | G58: % | H58: 0 / 1 | Q58: INCLUSIVE | R58: 0 | S58: 0 | T58: 0 | U58: 0 | V58: SD | W58: 1 | X58: 2 | Y58: =IF(OR(V58="-",H58<2),"N/A",IF(V58="RSD",IF(ISNUMBER(K58),IF(K58<=W58,"GOOD",IF(K58<=X58,"REVIEW","HIGH VAR")),"HIGH VAR"),IF(J58<=W58,"GOOD",IF(J58<=X58,"REVIEW","HIGH VAR")))) | AR58: No | AS58: 공통 전단률 0쌍(<4) | AT58: NO VALUE | AU58: NO VALUE | AV58: EXCLUDED | AW58: INCLUSIVE | NO VALUE | [NO VALUE] 공통 전단률 0쌍(<4) (01)
B59: T3 모델·진단 | C59: A_OVS_L | D59: DIAGNOSTIC | E59: 휴지 후 Start-up 응력 초과율(0.5 rpm) | F59: 휴지 중 형성된 구조가 흐름 개시 순간 깨지며 생기는 응력 초과. 첫 회전 Step이 기준 RPM보다 낮아도 실제 start-up 전이 응답을 사용. | G59: % | H59: 1 / 1 | I59: 0 | L59: 0 | M59: 0 | N59: 0 | O59: 0 | P59: +0/−0/0×1 | Q59: INCLUSIVE | R59: 0 | S59: 0 | T59: 0 | U59: 0 | V59: - | Y59: N/A | AR59: Yes | AT59: strict 정량값 | AU59: NOTICE | AV59: — | AW59: INCLUSIVE | strict 정량값 | 60 s hold, Torque 10–95% 범위 내 | [NOTICE] Start-up overshoot stress calculated from first moving Step S2 0.2 rpm; 기준 0.5 rpm과 다름; peak @ 1 s; S2 Up 0.2 rpm — 진단값, Lot 판정 제외 (01)
B60: T3 모델·진단 | C60: A_HB_GRANGE | D60: DIAGNOSTIC | E60: H-B 피팅 전단률 범위 비 γ̇max/γ̇min | F60: 외삽 거리의 역지표. 작을수록 τy·K·n 추정 불확실성이 큼. | G60: - | H60: 1 / 1 | I60: 25 | L60: 25 | M60: 25 | N60: 0 | O60: 25 | P60: +1/−0 | Q60: INCLUSIVE | R60: 0 | S60: 0 | T60: 0 | U60: 0 | V60: - | Y60: N/A | Z60: 0.2,0.35,0.5,0.7,1,1.5,2,3,4,5 | AA60: 0.4–10 | AB60: S2,S3,S4,S5,S6,S7,S8,S9,S10,S11 | AR60: Yes | AT60: strict 정량값 | AU60: NOTICE | AV60: — | AW60: INCLUSIVE | Full H-B | strict 정량값 | 60 s hold, Torque 10–95% 범위 내 | Steps S2,S3,S4,S5,S6,S7,S8,S9,S10,S11 | RPM 0.2,0.35,0.5,0.7,1,1.5,2,3,4,5 | γ̇ 0.4–10 | [NOTICE] 25.00× ≥10 — 외삽 범위 양호(진단값) | Full H-B | Steps S2,S3,S4,S5,S6,S7,S8,S9,S10,S11 | RPM 0.2,0.35,0.5,0.7,1,1.5,2,3,4,5 | n=10 | γ̇ 0.4–10 (01)
B61: T3 모델·진단 | C61: A_HB_K_RATIO | D61: DIAGNOSTIC | E61: K 유지비 Down/Up Full | F61: Full fit consistency의 유지 비율. | G61: % | H61: 0 / 1 | Q61: INCLUSIVE | R61: 0 | S61: 0 | T61: 0 | U61: 0 | V61: - | Y61: N/A | AR61: No | AS61: Full H-B Up Full N=10 | Full H-B | Steps S2,S3,S4,S5,S6,S7,S8,S9,S10,S11 | RPM 0.2,0.35,0.5,0.7,1,1.5,2,3,4,5 | n=10 | γ̇ 0.4–10; Down Full: INVALID — 유효점 4개 미만 | Full H-B | Steps | RPM | n=0 | γ̇ | AT61: strict 정량값 | AU61: NO VALUE | AV61: — | AW61: INCLUSIVE | strict 정량값 | 60 s hold, Torque 10–95% 범위 내 | [NO VALUE] Full H-B Up Full N=10 | Full H-B | Steps S2,S3,S4,S5,S6,S7,S8,S9,S10,S11 | RPM 0.2,0.35,0.5,0.7,1,1.5,2,3,4,5 | n=10 | γ̇ 0.4–10; Down Full: INVALID — 유효점 4개 미만 | Full H-B | Steps | RPM | n=0 | γ̇ (01)
B62: T3 모델·진단 | C62: A_HB_N_DIFF | D62: DIAGNOSTIC | E62: n 차이 Down−Up Full | F62: Full fit flow index 차이. | G62: - | H62: 0 / 1 | Q62: INCLUSIVE | R62: 0 | S62: 0 | T62: 0 | U62: 0 | V62: - | Y62: N/A | AR62: No | AS62: Full H-B Up Full N=10 | Full H-B | Steps S2,S3,S4,S5,S6,S7,S8,S9,S10,S11 | RPM 0.2,0.35,0.5,0.7,1,1.5,2,3,4,5 | n=10 | γ̇ 0.4–10; Down Full: INVALID — 유효점 4개 미만 | Full H-B | Steps | RPM | n=0 | γ̇ | AT62: strict 정량값 | AU62: NO VALUE | AV62: — | AW62: INCLUSIVE | strict 정량값 | 60 s hold, Torque 10–95% 범위 내 | [NO VALUE] Full H-B Up Full N=10 | Full H-B | Steps S2,S3,S4,S5,S6,S7,S8,S9,S10,S11 | RPM 0.2,0.35,0.5,0.7,1,1.5,2,3,4,5 | n=10 | γ̇ 0.4–10; Down Full: INVALID — 유효점 4개 미만 | Full H-B | Steps | RPM | n=0 | γ̇ (01)
B63: T3 모델·진단 | C63: A_HB_TAUY_UP_COMMON | D63: DIAGNOSTIC | E63: τy↑ Common H-B 진단 | F63: 직접 비교가 가능한 구간의 외삽 항복응력. | G63: Pa | H63: 0 / 1 | Q63: INCLUSIVE | R63: 0 | S63: 0 | T63: 0 | U63: 0 | V63: - | Y63: N/A | AR63: No | AS63: Up Common: INVALID — 유효점 4개 미만 | Common H-B | Steps | RPM | n=0 | γ̇ | AT63: NO VALUE | AU63: NO VALUE | AV63: — | AW63: INCLUSIVE | NO VALUE | [NO VALUE] Up Common: INVALID — 유효점 4개 미만 | Common H-B | Steps | RPM | n=0 | γ̇ (01)
B64: T3 모델·진단 | C64: A_HB_K_UP_COMMON | D64: DIAGNOSTIC | E64: K↑ Common H-B 진단 | F64: — | G64: Pa·sⁿ | H64: 0 / 1 | Q64: INCLUSIVE | R64: 0 | S64: 0 | T64: 0 | U64: 0 | V64: - | Y64: N/A | AR64: No | AS64: Up Common: INVALID — 유효점 4개 미만 | Common H-B | Steps | RPM | n=0 | γ̇ | AT64: NO VALUE | AU64: NO VALUE | AV64: — | AW64: INCLUSIVE | NO VALUE | [NO VALUE] Up Common: INVALID — 유효점 4개 미만 | Common H-B | Steps | RPM | n=0 | γ̇ (01)
B65: T3 모델·진단 | C65: A_HB_N_UP_COMMON | D65: DIAGNOSTIC | E65: n↑ Common H-B 진단 | F65: — | G65: - | H65: 0 / 1 | Q65: INCLUSIVE | R65: 0 | S65: 0 | T65: 0 | U65: 0 | V65: - | Y65: N/A | AR65: No | AS65: Up Common: INVALID — 유효점 4개 미만 | Common H-B | Steps | RPM | n=0 | γ̇ | AT65: NO VALUE | AU65: NO VALUE | AV65: — | AW65: INCLUSIVE | NO VALUE | [NO VALUE] Up Common: INVALID — 유효점 4개 미만 | Common H-B | Steps | RPM | n=0 | γ̇ (01)
B66: T3 모델·진단 | C66: A_HB_R2_UP_COMMON | D66: DIAGNOSTIC | E66: R²↑ Common H-B 진단 | F66: — | G66: - | H66: 0 / 1 | Q66: INCLUSIVE | R66: 0 | S66: 0 | T66: 0 | U66: 0 | V66: - | Y66: N/A | AR66: No | AS66: Up Common: INVALID — 유효점 4개 미만 — 피팅 진단값, Lot 판정 제외 | Common H-B | Steps | RPM | n=0 | γ̇ | AT66: NO VALUE | AU66: NO VALUE | AV66: — | AW66: INCLUSIVE | NO VALUE | [NO VALUE] Up Common: INVALID — 유효점 4개 미만 — 피팅 진단값, Lot 판정 제외 | Common H-B | Steps | RPM | n=0 | γ̇ (01)
B67: T3 모델·진단 | C67: A_HB_TAUY_DN_COMMON | D67: DIAGNOSTIC | E67: τy↓ Common H-B 진단 | F67: — | G67: Pa | H67: 0 / 1 | Q67: INCLUSIVE | R67: 0 | S67: 0 | T67: 0 | U67: 0 | V67: - | Y67: N/A | AR67: No | AS67: Down Common: INVALID — 유효점 4개 미만 | Common H-B | Steps | RPM | n=0 | γ̇ | AT67: NO VALUE | AU67: NO VALUE | AV67: — | AW67: INCLUSIVE | NO VALUE | [NO VALUE] Down Common: INVALID — 유효점 4개 미만 | Common H-B | Steps | RPM | n=0 | γ̇ (01)
B68: T3 모델·진단 | C68: A_HB_K_DN_COMMON | D68: DIAGNOSTIC | E68: K↓ Common H-B 진단 | F68: — | G68: Pa·sⁿ | H68: 0 / 1 | Q68: INCLUSIVE | R68: 0 | S68: 0 | T68: 0 | U68: 0 | V68: - | Y68: N/A | AR68: No | AS68: Down Common: INVALID — 유효점 4개 미만 | Common H-B | Steps | RPM | n=0 | γ̇ | AT68: NO VALUE | AU68: NO VALUE | AV68: — | AW68: INCLUSIVE | NO VALUE | [NO VALUE] Down Common: INVALID — 유효점 4개 미만 | Common H-B | Steps | RPM | n=0 | γ̇ (01)
B69: T3 모델·진단 | C69: A_HB_N_DN_COMMON | D69: DIAGNOSTIC | E69: n↓ Common H-B 진단 | F69: — | G69: - | H69: 0 / 1 | Q69: INCLUSIVE | R69: 0 | S69: 0 | T69: 0 | U69: 0 | V69: - | Y69: N/A | AR69: No | AS69: Down Common: INVALID — 유효점 4개 미만 | Common H-B | Steps | RPM | n=0 | γ̇ | AT69: NO VALUE | AU69: NO VALUE | AV69: — | AW69: INCLUSIVE | NO VALUE | [NO VALUE] Down Common: INVALID — 유효점 4개 미만 | Common H-B | Steps | RPM | n=0 | γ̇ (01)
B70: T3 모델·진단 | C70: A_HB_R2_DN_COMMON | D70: DIAGNOSTIC | E70: R²↓ Common H-B 진단 | F70: — | G70: - | H70: 0 / 1 | Q70: INCLUSIVE | R70: 0 | S70: 0 | T70: 0 | U70: 0 | V70: - | Y70: N/A | AR70: No | AS70: Down Common: INVALID — 유효점 4개 미만 — 피팅 진단값, Lot 판정 제외 | Common H-B | Steps | RPM | n=0 | γ̇ | AT70: NO VALUE | AU70: NO VALUE | AV70: — | AW70: INCLUSIVE | NO VALUE | [NO VALUE] Down Common: INVALID — 유효점 4개 미만 — 피팅 진단값, Lot 판정 제외 | Common H-B | Steps | RPM | n=0 | γ̇ (01)
B71: T3 모델·진단 | C71: A_HB_TAUY_RATIO_COMMON | D71: DIAGNOSTIC | E71: τy 유지비 Common 진단 | F71: 공통 구간만의 항복응력 유지비. | G71: % | H71: 0 / 1 | Q71: INCLUSIVE | R71: 0 | S71: 0 | T71: 0 | U71: 0 | V71: - | Y71: N/A | AR71: No | AS71: Up Common: INVALID — 유효점 4개 미만 | Common H-B | Steps | RPM | n=0 | γ̇ ; Down Common: INVALID — 유효점 4개 미만 | Common H-B | Steps | RPM | n=0 | γ̇ | AT71: NO VALUE | AU71: NO VALUE | AV71: — | AW71: INCLUSIVE | NO VALUE | [NO VALUE] Up Common: INVALID — 유효점 4개 미만 | Common H-B | Steps | RPM | n=0 | γ̇ ; Down Common: INVALID — 유효점 4개 미만 | Common H-B | Steps | RPM | n=0 | γ̇ (01)
B72: T3 모델·진단 | C72: A_STARTUP_PLATEAU_UP | D72: DIAGNOSTIC | E72: 상승 저전단 plateau 응력 | F72: start-up 이후 안정 응력. peak와 다르다. | G72: Pa | H72: 0 / 1 | Q72: INCLUSIVE | R72: 0 | S72: 0 | T72: 0 | U72: 0 | V72: - | Y72: N/A | AR72: No | AS72: start-up profile 없음 | AT72: NO VALUE | AU72: NO VALUE | AV72: — | AW72: INCLUSIVE | NO VALUE | [NO VALUE] start-up profile 없음 (01)
... B74: T3 모델·진단 | C74: A_PLATEAU_RETENTION | D74: DIAGNOSTIC | E74: plateau 유지율 | F74: 안정 응력의 유지. peak retention과 다르다. | G74: % | H74: 0 / 1 | Q74: INCLUSIVE | R74: 0 | S74: 0 | T74: 0 | U74: 0 | V74: - | Y74: N/A | AR74: No | AS74: start-up profile 없음 | AT74: NO VALUE | AU74: NO VALUE | AV74: — | AW74: INCLUSIVE | NO VALUE | [NO VALUE] start-up profile 없음 (01)
B75: T3 모델·진단 | C75: B_ETA_BRK | D75: CORE | E75: 3ITT 고전단 점도 η_brk | F75: 구조가 해체된 고전단 상태의 유동 저항. | G75: cP | H75: 0 / 0 | Q75: STRICT | R75: 0 | S75: 0 | T75: 0 | U75: 0 | V75: RSD | W75: 10 | X75: 20 | Y75: =IF(OR(V75="-",H75<2),"N/A",IF(V75="RSD",IF(ISNUMBER(K75),IF(K75<=W75,"GOOD",IF(K75<=X75,"REVIEW","HIGH VAR")),"HIGH VAR"),IF(J75<=W75,"GOOD",IF(J75<=X75,"REVIEW","HIGH VAR")))) | AR75: No | AT75: NO VALUE | AU75: NO DATA | AV75: NO DATA | AW75: STRICT | NO VALUE
B76: T3 모델·진단 | C76: B_R10 | D76: CORE | E76: 10초 즉시 회복률 R10 | F76: 고전단 해제 직후 즉시 회복(탄성·빠른 접점 재형성). | G76: % | H76: 0 / 0 | Q76: STRICT | R76: 0 | S76: 0 | T76: 0 | U76: 0 | V76: SD | W76: 3 | X76: 6 | Y76: =IF(OR(V76="-",H76<2),"N/A",IF(V76="RSD",IF(ISNUMBER(K76),IF(K76<=W76,"GOOD",IF(K76<=X76,"REVIEW","HIGH VAR")),"HIGH VAR"),IF(J76<=W76,"GOOD",IF(J76<=X76,"REVIEW","HIGH VAR")))) | AR76: No | AT76: NO VALUE | AU76: NO DATA | AV76: NO DATA | AW76: STRICT | NO VALUE
B77: T3 모델·진단 | C77: B_R900 | D77: CORE | E77: 900초 장기 회복률 R900 | F77: 장기 재구축 또는 비가역 손실. | G77: % | H77: 0 / 0 | Q77: STRICT | R77: 0 | S77: 0 | T77: 0 | U77: 0 | V77: SD | W77: 3 | X77: 6 | Y77: =IF(OR(V77="-",H77<2),"N/A",IF(V77="RSD",IF(ISNUMBER(K77),IF(K77<=W77,"GOOD",IF(K77<=X77,"REVIEW","HIGH VAR")),"HIGH VAR"),IF(J77<=W77,"GOOD",IF(J77<=X77,"REVIEW","HIGH VAR")))) | AR77: No | AT77: NO VALUE | AU77: NO DATA | AV77: NO DATA | AW77: STRICT | NO VALUE
B78: DQ 데이터 품질 | C78: A_TQ_L | D78: DATA_QUALITY | E78: 저전단 기준점 Torque(0.5 rpm) | F78: 저전단 측정 신호의 크기와 10% 하한까지의 여유. | G78: % | H78: 1 / 1 | I78: 20 | L78: 20 | M78: 20 | N78: 0 | O78: 20 | P78: +1/−0 | Q78: INCLUSIVE | R78: 0 | S78: 0 | T78: 0 | U78: 0 | V78: - | Y78: N/A | AR78: Yes | AT78: strict 정량값 | AU78: VALID | AV78: — | AW78: INCLUSIVE | strict 정량값 | 60 s hold, Torque 10–95% 범위 내
B79: DQ 데이터 품질 | C79: A_RES_L | D79: DATA_QUALITY | E79: 저전단 기준점 분해능 한계(0.5 rpm) | F79: Torque 표시 1단위가 τ↑(L)에서 차지하는 상대 크기. 이보다 작은 Lot 간 차이는 판별할 수 없음. | G79: % | H79: 1 / 1 | I79: 0.5 | L79: 0.5 | M79: 0.5 | N79: 0 | O79: 0.5 | P79: +1/−0 | Q79: INCLUSIVE | R79: 0 | S79: 0 | T79: 0 | U79: 0 | V79: - | Y79: N/A | AR79: Yes | AT79: strict 정량값 | AU79: VALID | AV79: — | AW79: INCLUSIVE | strict 정량값 | 60 s hold, Torque 10–95% 범위 내
B80: DQ 데이터 품질 | C80: A_DUL_FLOOR | D80: CENSORED_METRIC | E80: 저전단 D/U 검출하한(0.5 rpm) | F80: 하강 경로 저전단 Torque가 10% 미만으로 떨어져 A_DU_L이 공란(CENSORED)이 되는 경계. A_DU_L이 이 값에 가까우면 구조 손실이 큰 Lot일수록 값이 사라지는 구조적 편향이 생김. | G80: % | H80: 1 / 1 | I80: 50 | L80: 50 | M80: 50 | N80: 0 | O80: 50 | P80: +1/−0 | Q80: INCLUSIVE | R80: 0 | S80: 0 | T80: 0 | U80: 0 | V80: - | Y80: N/A | AR80: Yes | AT80: strict 정량값 | AU80: VALID | AV80: — | AW80: INCLUSIVE | strict 정량값 | 60 s hold, Torque 10–95% 범위 내
B81: DQ 데이터 품질 | C81: A_EQ_DRIFT_MAX | D81: DATA_QUALITY | E81: 대표창 최대 드리프트 | F81: 대표창에서 응력이 아직 변하고 있는 정도(준평형 확인, QC-RHEO-A-001 §8-4). | G81: % | H81: 1 / 1 | I81: 3.396219e-14 | L81: 3.396219e-14 | M81: 3.396219e-14 | N81: 0 | O81: 3.396219e-14 | P81: +1/−0 | Q81: INCLUSIVE | R81: 0 | S81: 0 | T81: 0 | U81: 0 | V81: - | Y81: N/A | AR81: Yes | AT81: strict 정량값 | AU81: VALID | AV81: — | AW81: INCLUSIVE | strict 정량값 | 60 s hold, Torque 10–95% 범위 내
B82: DQ 데이터 품질 | C82: A_TEMP_MEAN | D82: DATA_QUALITY | E82: 정량 Step 평균 시료 온도 | F82: 측정 온도 조건. 점도는 온도에 민감하므로 Lot 간 비교의 전제. | G82: °C | H82: 1 / 1 | I82: 25 | L82: 25 | M82: 25 | N82: 0 | O82: 25 | P82: +1/−0 | Q82: INCLUSIVE | R82: 0 | S82: 0 | T82: 0 | U82: 0 | V82: - | Y82: N/A | AR82: Yes | AT82: strict 정량값 | AU82: VALID | AV82: — | AW82: INCLUSIVE | strict 정량값 | 60 s hold, Torque 10–95% 범위 내
B83: DQ 데이터 품질 | C83: A_TEMP_SPAN | D83: DATA_QUALITY | E83: 정량 Step 온도 변동폭 | F83: 시험 중 온도 안정성. | G83: °C | H83: 1 / 1 | I83: 0 | L83: 0 | M83: 0 | N83: 0 | O83: 0 | P83: +0/−0/0×1 | Q83: INCLUSIVE | R83: 0 | S83: 0 | T83: 0 | U83: 0 | V83: - | Y83: N/A | AR83: Yes | AT83: strict 정량값 | AU83: VALID | AV83: — | AW83: INCLUSIVE | strict 정량값 | 60 s hold, Torque 10–95% 범위 내
B84: DQ 데이터 품질 | C84: A_N_QUANT | D84: DATA_QUALITY | E84: 정량 사용 회전 Step 수 | F84: 유동곡선 정보량. 제외 Step은 사유 열 참조. | G84: 개 | H84: 1 / 1 | I84: 10 | L84: 10 | M84: 10 | N84: 0 | O84: 10 | P84: +1/−0 | Q84: INCLUSIVE | R84: 0 | S84: 0 | T84: 0 | U84: 0 | V84: - | Y84: N/A | AR84: Yes | AT84: strict 정량값 | AU84: VALID | AV84: — | AW84: INCLUSIVE | strict 정량값 | 60 s hold, Torque 10–95% 범위 내
B85: DQ 데이터 품질 | C85: D_TEMP | D85: DATA_QUALITY | E85: 밀도 시험온도 | F85: 밀도 측정 온도 조건. | G85: °C | H85: 0 / 0 | Q85: STRICT | R85: 0 | S85: 0 | T85: 0 | U85: 0 | V85: - | Y85: N/A | AR85: No | AT85: NO VALUE | AU85: NO DATA | AV85: — | AW85: STRICT | NO VALUE
B86: DQ 데이터 품질 | C86: B_TQ_BASE | D86: DATA_QUALITY | E86: 3ITT 기준 구간 Torque | F86: 회복률 분모의 신호 크기. | G86: % | H86: 0 / 0 | Q86: STRICT | R86: 0 | S86: 0 | T86: 0 | U86: 0 | V86: - | Y86: N/A | AR86: No | AT86: NO VALUE | AU86: NO DATA | AV86: — | AW86: STRICT | NO VALUE
B87: DQ 데이터 품질 | C87: B_REC_FLOOR | D87: CENSORED_METRIC | E87: 3ITT 회복률 검출하한 | F87: 이보다 낮은 회복률은 Torque 10% 미만이라 정량할 수 없음(CENSORED). 기준 Torque가 10% 근처면 회복 곡선 대부분이 측정 불가. | G87: % | H87: 0 / 0 | Q87: STRICT | R87: 0 | S87: 0 | T87: 0 | U87: 0 | V87: - | Y87: N/A | AR87: No | AT87: NO VALUE | AU87: NO DATA | AV87: — | AW87: STRICT | NO VALUE
B88: DQ 데이터 품질 | C88: B_REC_VALID | D88: DATA_QUALITY | E88: 회복 구간 유효 데이터 비율 | F88: 회복 곡선의 정량 가능 범위. | G88: % | H88: 0 / 0 | Q88: STRICT | R88: 0 | S88: 0 | T88: 0 | U88: 0 | V88: - | Y88: N/A | AR88: No | AT88: NO VALUE | AU88: NO DATA | AV88: — | AW88: STRICT | NO VALUE
B90: 대표 채널: Summary의 유효 n, Mean, SD, RSD, Min, Max, Range, 부호는 '대표 채널' 열의 통계입니다. primary_channel=inclusive이면 Method A는 정책 허용 hold를 반영한 INCLUSIVE 통계가 기존 통계 열에 표시됩니다. Strict/Inclusive 병렬 원자료·상세 통계는 Metric_Statistics, AReplicatesINCL, AReplicatesEXC, StepAudit에서 확인합니다.
B91: 데이터 상태: VALID=모든 반복 유효 | NOTICE=값 표시·해석 주의(합격성 제외; A_OVS_L 미산출·H-B R²·GRANGE) | REVIEW=일부 반복 공란·경고 또는 [SIGN] 부호 전환 | EXCEPTION=승인 예외 hold Step 사용 | CENSORED=검출하한 밖(Torque<10 % 또는 >95 %) 참고값 | INVALID=유효 반복 없음 | NO DATA=해당 시험 미제공.
B92: 합격성 반영: ELIGIBLE=Lot 합격성 판단에 쓸 수 있는 상태 | REVIEW=조건부 | EXCLUDED=EXCEPTION/CENSORED라 판정에서 제외 | —=진단·데이터 품질 지표(Role DIAGNOSTIC/DATA_QUALITY/CENSORED_METRIC)라 판정 대상 아님.
B93: RSD(%)는 SD/|Mean|×100입니다. 0 기준 차이형 지표(A_BRK_PEAK·A_OVS_L·B_BRK_DECAY)는 'N/A(0 기준)', |Mean|<SD(RSD>100%)이면 'N/A(|Mean|<SD)'로 표시하고 SD·Range·부호(+/−)로 반복성을 봅니다.
B94: 값 상태는 strict 정량값 / inclusive exception / torque 하한 밖 참고값 / torque 상한 밖 참고값 / torque 범위 밖 참고값 / NO VALUE / INVALID 중 하나입니다. Torque 참고값은 통계에 넣을 수 있지만 합격성 ELIGIBLE로 쓰지 않습니다.
B95: 공식 SSI는 A_SSI_FIELD_0P2_2 = eta_up(0.2 rpm)/eta_up(2.0 rpm), A_SSI_QC_0P5_5 = eta_up(0.5 rpm)/eta(5.0 rpm Up endpoint)이다. 없는 RPM은 다른 RPM으로 대체하지 않는다. 실측 10배 쌍은 DecadeSSI 시트에 pair_id별로 따로 둔다.
B96: 적용 저점 RPM과 적용 고점 RPM은 별도 열이다. 반복마다 RPM이 다르면 데이터 상태는 REVIEW이고 비고에 반복별 RPM을 남긴다. 측정 최고 RPM이 채널에서 부적격하면 더 낮은 RPM으로 대체하지 않고 NO VALUE다.
B97: n EXC는 INCLUSIVE 채널에서 EXCEPTION으로 분류된 반복 수, n CENS는 대표 채널의 CENSORED 반복 수, n Low/High-TQ Ref는 Torque 참고값이 들어간 반복 수입니다.
B98: 반복성 규칙은 임시 데이터 품질 기준입니다(RSD=%, SD=지표 단위). GR&R·Lot 분포·원심 장벽 기능시험 상관 확인 전에는 규격(USL/LSL)으로 쓰지 않습니다. 반복성 규칙·GOOD·REVIEW 열을 수정하면 반복성 상태가 재계산됩니다.
B99: 공란은 산출 불가 또는 평균 부적격(EXCEPTION/CENSORED/INVALID) 값입니다. 대체 입력하지 않았고 사유는 Replicate_Flags·StepAudit에 있습니다. 지표 정의는 QC_Dictionary.

Sheet QC_Dictionary
B1: Lot_QC_Summary | C1: QC_Dictionary | D1: A_Replicates | E1: B_Replicates | F1: Density_Replicates | G1: A_Replicates_INCL | H1: A_Replicates_EXC | I1: Metric_Statistics | J1: A_Step_Replicates | K1: A_Step_Statistics | L1: Replicate_Flags | M1: Traceability
B2: QC_Dictionary — 각 QC 지표가 가리키는 물성과 해석
B3: 정의·계산식, 가리키는 물성, SST 기능 단계 연결, 값 증감의 의미, 이 지표가 말하지 않는 것(한계), 유효 조건.
B5: 층위 | C5: Code | D5: Role / 합격성 | E5: 지표 | F5: 단위 | G5: 정의·계산식 | H5: 가리키는 물성 | I5: SST 기능 연결 | J5: 값이 높아질 때 | K5: 값이 낮아질 때 | L5: 해석 한계(말하지 않는 것) | M5: 유효 조건 | N5: 반복성 규칙(임시)
B6: T1 Lot 동일성 핵심 | C6: A_TAU_L_UP | D6: CORE / 합격성 O | E6: 저전단 구조 저항 τ↑(0.5 rpm) | F6: Pa | G6: Method A Up 경로 0.5 rpm(γ̇=1 s⁻¹) Step 대표 전단응력. | H6: 휴지 중 형성된 실리카·겔화제 네트워크가 최저 정량 전단에서 흐름에 저항하는 크기(저전단 구조강도의 상대값). | I6: 보관·운송 중 튜브 바닥 형태 유지, 원심 초기 유동 개시 저항. | J6: 네트워크 강화(겔화제 과다, 냉각 이력에 따른 결정성 구조 등) 가능. 원심 중 이동 개시 지연 여부 확인. | K6: 구조 약화 가능. 보관·운송 중 흘러내림·경사 유동 여부 확인. | L6: 이미 흐르고 있는 상태의 값이며 정적 항복응력이 아님. 고정 저전단 평가점은 0.5 rpm이다. 0.35 rpm은 Full H-B 확장점이며 이 지표를 대체하지 않는다. H-B fitting 입력 RPM을 제한하지 않는다. Torque가 10% 부근이면 0.1% 표시 단위가 약 1% 상대오차에 해당(A_RES_L 참조). | M6: 60초 회전 Step·후반 10초·Torque 10–95% 유효점만 사용. 미충족 시 공란(대체값 없음). | N6: RSD: GOOD ≤10, REVIEW ≤20
B7: T1 Lot 동일성 핵심 | C7: A_TAU_M_UP | D7: CORE / 합격성 O | E7: 중간 전단 유동 저항 τ↑(2 rpm) | F7: Pa | G7: Method A Up 경로 2 rpm(γ̇=4 s⁻¹) Step 대표 전단응력. | H7: 구조 일부가 전단으로 해체된 상태의 유동 저항. 측정창 중 Torque 여유가 커 반복 정밀도가 가장 좋은 기준점. | I7: 충전·이송 및 원심 중 젤 이동 과정의 대표 유동성(Lot 간 상대 비교). | J7: 배합 점도 상승, 충전재 증가 또는 분산 불량(응집) 가능. | K7: 가소제 과다, 네트워크 형성 부족 가능. | L7: 실제 원심분리 전단률보다 훨씬 낮은 조건. 절대 이동속도의 예측값이 아님. | M7: 60초 회전 Step·후반 10초·Torque 10–95% 유효점만 사용. 미충족 시 공란(대체값 없음). | N7: RSD: GOOD ≤10, REVIEW ≤20
B8: T1 Lot 동일성 핵심 | C8: A_TAU_H_UP | D8: CORE / 합격성 O | E8: 고전단 유동 저항 (실제 최고 RPM) | F8: Pa | G8: Up 또는 공유 turnaround 중 해당 채널에서 유효한 측정 최고 RPM Step의 대표 전단응력. 더 높은 RPM이 부적격하면 낮은 RPM으로 대체하지 않고 NO VALUE. | H8: 그 측정에서 실제로 도달한 최고 전단의 유동 저항. | I8: 원심 중 이동성 방향의 대리지표. | J8: 매트릭스 점도 상승 또는 충전재 증가. | K8: 매트릭스 점도 저하. | L8: 5 rpm이 측정되면 4 rpm 응력을 이 지표로 보고하지 않는다. 4 rpm은 중간 측정점이다. | M8: 60초 회전 Step·후반 10초·Torque 10–95% 유효점만 사용. 미충족 시 공란(대체값 없음). | N8: RSD: GOOD ≤10, REVIEW ≤20
B9: T1 Lot 동일성 핵심 | C9: A_ETA_MIN_UP | D9: CORE / 합격성 O | E9: 최저 측정 RPM 겉보기 점도 — 상승 | F9: cP | G9: 분석 가능한 Up Step 중 실제 최저 RPM의 대표 겉보기 점도. 실제 최저 측정 RPM 사용; SSI의 고정 0.5 rpm 분자와 다름. | H9: 상승 경로에서 가장 낮은 전단의 겉보기 점도. | I9: 휴지 구조가 흐름에 저항하는 점성 크기. | J9: 저전단 저항 증가. | K9: 저전단 저항 감소. | L9: 실제 최저 측정 RPM 사용; SSI의 고정 0.5 rpm 분자와 다름. 0.35 rpm이 있으면 그 점도를 쓴다. 최저 RPM이 반복마다 다르면 Lot 통계는 REVIEW. | M9: 60초 회전 Step·후반 10초·Torque 10–95% 유효점만 사용. 미충족 시 공란(대체값 없음). | N9: RSD: GOOD ≤10, REVIEW ≤20
B10: T1 Lot 동일성 핵심 | C10: A_ETA_HIGH | D10: CORE / 합격성 O | E10: 고전단 겉보기 점도 (실제 최고 RPM) | F10: cP | G10: 해당 채널에서 사용 가능한 실제 최고 RPM Step의 겉보기 점도. 한 번만 측정되면 공유 turnaround 점도를 A_ETA_HIGH에만 기록하고, 더 높은 RPM이 부적격하면 낮은 RPM으로 대체하지 않는다. | H10: 프로그램 최고 전단에서의 겉보기 점도. | I10: 원심에 가까운 고전단 유동 저항. | J10: 고전단 저항 큼. | K10: 고전단 저항 작음. | L10: 최고 RPM이 Up과 Down에 각각 따로 측정되면 A_ETA_HIGH_UP/DN을 따로 본다. 단일 turnaround 값은 복제하지 않는다. 4 rpm reference로 대체하지 않는다. | M10: 60초 회전 Step·후반 10초·Torque 10–95% 유효점만 사용. 미충족 시 공란(대체값 없음). | N10: RSD: GOOD ≤10, REVIEW ≤20
B11: T1 Lot 동일성 핵심 | C11: A_SSI_FIELD_0P2_2 | D11: CORE / 합격성 O | E11: 현장 전단박화 지수 SSI (0.2/2 rpm) | F11: - | G11: eta_up(0.2 rpm) / eta_up(2.0 rpm) | H11: 현장 전단박화 지수. 정확한 0.2 rpm과 2.0 rpm Up 대표 점도의 비. | I11: 저전단 구조 대비 2 rpm 유동화. | J11: 0.2 rpm 대비 2 rpm 점도가 낮음. | K11: 뉴턴 거동에 가까워짐. | L11: 0.2 대신 0.35 또는 0.5를 쓰지 않는다. 2.0 대신 1.5 또는 3.0을 쓰지 않는다. 보간·모델값 금지. | M11: 같은 채널에서 두 실측 Up Step representative가 존재해야 한다. 다른 RPM, 보간값 또는 모델값으로 대체하지 않는다. | N11: RSD: GOOD ≤10, REVIEW ≤20
B12: T1 Lot 동일성 핵심 | C12: A_SSI_QC_0P5_5 | D12: CORE / 합격성 O | E12: Step-flow QC 전단박화 지수 SSI (0.5/5 rpm) | F12: - | G12: eta_up(0.5 rpm) / eta(5.0 rpm Up endpoint 또는 실제 shared turnaround) | H12: Step-flow QC 전단박화 지수. 정확한 0.5 rpm Up과 5.0 rpm endpoint의 비. | I12: 0.5 rpm 구조 대비 5 rpm 유동화. | J12: 0.5 rpm 대비 5 rpm 점도가 낮음. | K12: 뉴턴 거동에 가까워짐. | L12: 0.5 대신 0.35를 쓰지 않는다. 5.0 대신 4.0을 쓰지 않는다. 실제 최저/최고 RPM 비율로 정의를 바꾸지 않는다. | M12: 같은 채널에서 두 실측 Step representative가 존재해야 한다. 0.35 또는 4 rpm으로 대체하지 않는다. | N12: RSD: GOOD ≤10, REVIEW ≤20
B13: T1 Lot 동일성 핵심 | C13: REST_STABILIZATION | D13: CORE / 합격성 O | E13: 무전단 구조 안정화 | F13: - | G13: 0 rpm, 25 °C, 목표 600초 | H13: 0 rpm, 25 °C, 목표 600초. 시료 이송 중 구조 교란 회복을 위한 전처리 구간. 유동·H-B·SSI 계산에서는 제외한다. | I13: 측정 위치로 옮기는 동안 생긴 구조 교란을 유동 측정 전에 회복한다. | J13: — | K13: — | L13: moving Step, SSI 후보, H-B 후보, hysteresis 후보가 아니다. | M13: 유동 지표에서는 제외하고 시험 전처리 QC로만 평가한다. | N13: —
B14: T1 Lot 동일성 핵심 | C14: A_SSI_DECADE | D14: CORE / 합격성 O | E14: 실측 10배 RPM 점도비 SSI | F14: - | G14: eta(low RPM) / eta(high RPM), high RPM / low RPM = 10 within configured tolerance | H14: 프로토콜에서 실제로 측정된 10배 RPM 쌍의 점도비. pair_id별 독립 지표. | I14: 공식 0.2/2, 0.5/5 이외의 실측 decade 쌍을 프로토콜 변경에 맞춰 보존한다. | J14: 저점 대비 고점 점도가 낮음. | K14: 뉴턴 거동에 가까워짐. | L14: 서로 다른 pair를 같은 Lot 통계에 혼합하지 않는다. 0 rpm pair는 만들지 않는다. 0.35/4는 decade가 아니다. | M14: pair_id별 독립 지표로 관리한다. 서로 다른 pair를 같은 Lot 통계에 혼합하지 않는다. | N14: RSD: GOOD ≤10, REVIEW ≤20
B15: T1 Lot 동일성 핵심 | C15: A_ETA_LOW_DN | D15: CORE / 합격성 O | E15: 저전단 겉보기 점도 — 하강 | F15: cP | G15: 분석 가능한 Down Step 중 실제 최저 RPM의 대표 겉보기 점도. | H15: 고전단 이력 후 가장 낮은 하강 전단의 겉보기 점도. | I15: 전단 이력 후 저전단 저항. | J15: 잔류 저항 큼. | K15: 잔류 저항 작음. | L15: Up 최저 RPM과 다르면 그 RPM을 그대로 쓰고 비고에 불일치를 남긴다. 점도 회복률의 분모로 직접 나누지 않는다. | M15: 60초 회전 Step·후반 10초·Torque 10–95% 유효점만 사용. 미충족 시 공란(대체값 없음). | N15: RSD: GOOD ≤10, REVIEW ≤20
B16: T1 Lot 동일성 핵심 | C16: D_RHO25 | D16: CORE / 합격성 O | E16: 25 °C 탈포 젤 겉보기 밀도 ρ25 | F16: g/mL | G16: 독립 충전별 ρ = (m충전 − m공용기) / V교정(시험온도 물 교정 부피). 밀도계 직독값이 있으면 직독값을 쓰고 질량식과 교차확인. | H16: 젤 단위 부피당 질량. 수지·가소제 대 실리카 등 충전재의 배합비와 잔류 기포량이 합쳐진 값. | I16: 원심 중 젤이 혈청층과 혈구·혈병층 사이 어느 높이에 정착하는지를 정하는 1차 인자(부력 평형 위치). | J16: 충전재 과량·가소제 부족·계량 오차 가능. 장벽이 혈구층 쪽으로 낮게 형성되거나 상승 이동이 늦어질 수 있음. | K16: 기포 혼입·충전재 부족 가능. 장벽이 혈청층 쪽으로 뜨거나 혈청 중 젤 파편 위험. | L16: 밀도는 '어디에 정착하는가'만 말하며, '제때 이동·정착·재겔화하는가'는 유변 지표가 담당. DVNext CSV의 Density 열은 장비 입력 설정값이므로 사용하지 않음. 온도 보정 없음. | M16: 시험온도 25±0.5 °C, 탈포·충전·상면 정리 조건 고정, 독립 재충전 ≥3회. 소량 중량법은 기준법 비교로 적격화된 경우만. | N16: SD: GOOD ≤0.002, REVIEW ≤0.005
... B71: DQ 데이터 품질 | C71: B_REC_VALID | D71: DATA_QUALITY / 진단(제외) | E71: 회복 구간 유효 데이터 비율 | F71: % | G71: Interval 3 점 중 Torque 10–95% 비율. | H71: 회복 곡선의 정량 가능 범위. | I71: — | J71: 정량 범위 넓음. | K71: 저전단 조건 재설계 필요. | L71: — | M71: — | N71: —

Sheet A_Replicates
B1: Lot_QC_Summary | C1: QC_Dictionary | D1: A_Replicates | E1: B_Replicates | F1: Density_Replicates | G1: A_Replicates_INCL | H1: A_Replicates_EXC | I1: Metric_Statistics | J1: A_Step_Replicates | K1: A_Step_Statistics | L1: Replicate_Flags | M1: Traceability
B2: A_Replicates — STRICT 채널 반복별 QC 지표 원값
B3: STRICT: 60 s hold·Torque 10–95% 기준 값입니다. Inclusive 값은 A_Replicates_INCL, 예외 사용 내역은 A_Replicates_EXC·Replicate_Flags 참조.
B4: POLICY INCLUSIVE — accepted holds 30,45,60 s, 범위 밖 Torque 점 inclusive 포함. EXCEPTION·CENSORED 값은 표준 60 s Lot 통계·추세·규격 설정에 혼용 금지
B5: lot | C5: repeat | D5: file | E5: test_start | F5: route | G5: data_qc | H5: A_TAU_L_UP | I5: A_TAU_M_UP | J5: A_TAU_H_UP | K5: A_SSI_FIELD_0P2_2 | L5: A_SSI_QC_0P5_5 | M5: A_DU_L | N5: A_DU_M | O5: A_HYS_REL | P5: A_BRK_PEAK | Q5: A_HB_TAUY_UP | R5: A_HB_K_UP | S5: A_HB_N_UP | T5: A_HB_R2_UP | U5: A_HB_R2_DN | V5: A_HB_TAUY_DN | W5: A_HB_K_DN | X5: A_HB_N_DN | Y5: A_HB_TAUY_RATIO | Z5: A_HDI | AA5: A_OVS_L | AB5: A_HB_GRANGE | AC5: A_ETA_MIN_UP | AD5: A_ETA_HIGH | AE5: A_ETA_LOW_DN | AF5: A_STATIC_YIELD_APPROX_UP | AG5: A_POST_SHEAR_STARTUP_STRESS | AH5: A_POST_SHEAR_STRESS_RETENTION | AI5: A_ETA_RECOVERY_LOW | AJ5: A_HYS_AREA_SIGNED | AK5: A_HYS_AREA_ABS | AL5: A_HB_K_RATIO | AM5: A_HB_N_DIFF | AN5: A_HB_TAUY_UP_COMMON | AO5: A_HB_K_UP_COMMON | AP5: A_HB_N_UP_COMMON | AQ5: A_HB_R2_UP_COMMON | AR5: A_HB_TAUY_DN_COMMON | AS5: A_HB_K_DN_COMMON | AT5: A_HB_N_DN_COMMON | AU5: A_HB_R2_DN_COMMON | AV5: A_HB_TAUY_RATIO_COMMON | AW5: A_STARTUP_PLATEAU_UP | AX5: A_POST_SHEAR_PLATEAU | AY5: A_PLATEAU_RETENTION | AZ5: A_TQ_L | BA5: A_RES_L | BB5: A_DUL_FLOOR | BC5: A_EQ_DRIFT_MAX | BD5: A_TEMP_MEAN | BE5: A_TEMP_SPAN | BF5: A_N_QUANT | BG5: A_TAU_L_UP__include_in_lot_stats | BH5: A_TAU_L_UP__stat_value | BI5: A_TAU_L_UP__lot_exclusion_reason | BJ5: A_TAU_M_UP__include_in_lot_stats | BK5: A_TAU_M_UP__stat_value | BL5: A_TAU_M_UP__lot_exclusion_reason | BM5: A_TAU_H_UP__include_in_lot_stats | BN5: A_TAU_H_UP__stat_value | BO5: A_TAU_H_UP__lot_exclusion_reason | BP5: A_SSI_FIELD_0P2_2__include_in_lot_stats | BQ5: A_SSI_FIELD_0P2_2__stat_value | BR5: A_SSI_FIELD_0P2_2__lot_exclusion_reason | BS5: A_SSI_QC_0P5_5__include_in_lot_stats | BT5: A_SSI_QC_0P5_5__stat_value | BU5: A_SSI_QC_0P5_5__lot_exclusion_reason | BV5: A_DU_L__include_in_lot_stats | BW5: A_DU_L__stat_value | BX5: A_DU_L__lot_exclusion_reason | BY5: A_DU_M__include_in_lot_stats | BZ5: A_DU_M__stat_value | CA5: A_DU_M__lot_exclusion_reason | CB5: A_HYS_REL__include_in_lot_stats | CC5: A_HYS_REL__stat_value | CD5: A_HYS_REL__lot_exclusion_reason | CE5: A_BRK_PEAK__include_in_lot_stats | CF5: A_BRK_PEAK__stat_value | CG5: A_BRK_PEAK__lot_exclusion_reason | CH5: A_HB_TAUY_UP__include_in_lot_stats | CI5: A_HB_TAUY_UP__stat_value | CJ5: A_HB_TAUY_UP__lot_exclusion_reason | CK5: A_HB_K_UP__include_in_lot_stats | CL5: A_HB_K_UP__stat_value | CM5: A_HB_K_UP__lot_exclusion_reason | CN5: A_HB_N_UP__include_in_lot_stats | CO5: A_HB_N_UP__stat_value | CP5: A_HB_N_UP__lot_exclusion_reason | CQ5: A_HB_R2_UP__include_in_lot_stats | CR5: A_HB_R2_UP__stat_value | CS5: A_HB_R2_UP__lot_exclusion_reason | CT5: A_HB_R2_DN__include_in_lot_stats | CU5: A_HB_R2_DN__stat_value | CV5: A_HB_R2_DN__lot_exclusion_reason | CW5: A_HB_TAUY_DN__include_in_lot_stats | CX5: A_HB_TAUY_DN__stat_value | CY5: A_HB_TAUY_DN__lot_exclusion_reason | CZ5: A_HB_K_DN__include_in_lot_stats | DA5: A_HB_K_DN__stat_value | DB5: A_HB_K_DN__lot_exclusion_reason | DC5: A_HB_N_DN__include_in_lot_stats | DD5: A_HB_N_DN__stat_value | DE5: A_HB_N_DN__lot_exclusion_reason | DF5: A_HB_TAUY_RATIO__include_in_lot_stats | DG5: A_HB_TAUY_RATIO__stat_value | DH5: A_HB_TAUY_RATIO__lot_exclusion_reason | DI5: A_HDI__include_in_lot_stats | DJ5: A_HDI__stat_value | DK5: A_HDI__lot_exclusion_reason | DL5: A_OVS_L__include_in_lot_stats | DM5: A_OVS_L__stat_value | DN5: A_OVS_L__lot_exclusion_reason | DO5: A_HB_GRANGE__include_in_lot_stats | DP5: A_HB_GRANGE__stat_value | DQ5: A_HB_GRANGE__lot_exclusion_reason | DR5: A_ETA_MIN_UP__include_in_lot_stats | DS5: A_ETA_MIN_UP__stat_value | DT5: A_ETA_MIN_UP__lot_exclusion_reason | DU5: A_ETA_HIGH__include_in_lot_stats | DV5: A_ETA_HIGH__stat_value | DW5: A_ETA_HIGH__lot_exclusion_reason | DX5: A_ETA_LOW_DN__include_in_lot_stats | DY5: A_ETA_LOW_DN__stat_value | DZ5: A_ETA_LOW_DN__lot_exclusion_reason | EA5: A_STATIC_YIELD_APPROX_UP__include_in_lot_stats | EB5: A_STATIC_YIELD_APPROX_UP__stat_value | EC5: A_STATIC_YIELD_APPROX_UP__lot_exclusion_reason | ED5: A_POST_SHEAR_STARTUP_STRESS__include_in_lot_stats | EE5: A_POST_SHEAR_STARTUP_STRESS__stat_value | EF5: A_POST_SHEAR_STARTUP_STRESS__lot_exclusion_reason | EG5: A_POST_SHEAR_STRESS_RETENTION__include_in_lot_stats | EH5: A_POST_SHEAR_STRESS_RETENTION__stat_value | EI5: A_POST_SHEAR_STRESS_RETENTION__lot_exclusion_reason | EJ5: A_ETA_RECOVERY_LOW__include_in_lot_stats | EK5: A_ETA_RECOVERY_LOW__stat_value | EL5: A_ETA_RECOVERY_LOW__lot_exclusion_reason | EM5: A_HYS_AREA_SIGNED__include_in_lot_stats | EN5: A_HYS_AREA_SIGNED__stat_value | EO5: A_HYS_AREA_SIGNED__lot_exclusion_reason | EP5: A_HYS_AREA_ABS__include_in_lot_stats | EQ5: A_HYS_AREA_ABS__stat_value | ER5: A_HYS_AREA_ABS__lot_exclusion_reason | ES5: A_HB_K_RATIO__include_in_lot_stats | ET5: A_HB_K_RATIO__stat_value | EU5: A_HB_K_RATIO__lot_exclusion_reason | EV5: A_HB_N_DIFF__include_in_lot_stats | EW5: A_HB_N_DIFF__stat_value | EX5: A_HB_N_DIFF__lot_exclusion_reason | EY5: A_HB_TAUY_UP_COMMON__include_in_lot_stats | EZ5: A_HB_TAUY_UP_COMMON__stat_value | FA5: A_HB_TAUY_UP_COMMON__lot_exclusion_reason | FB5: A_HB_K_UP_COMMON__include_in_lot_stats | FC5: A_HB_K_UP_COMMON__stat_value | FD5: A_HB_K_UP_COMMON__lot_exclusion_reason | FE5: A_HB_N_UP_COMMON__include_in_lot_stats | FF5: A_HB_N_UP_COMMON__stat_value | FG5: A_HB_N_UP_COMMON__lot_exclusion_reason | FH5: A_HB_R2_UP_COMMON__include_in_lot_stats | FI5: A_HB_R2_UP_COMMON__stat_value | FJ5: A_HB_R2_UP_COMMON__lot_exclusion_reason | FK5: A_HB_TAUY_DN_COMMON__include_in_lot_stats | FL5: A_HB_TAUY_DN_COMMON__stat_value | FM5: A_HB_TAUY_DN_COMMON__lot_exclusion_reason | FN5: A_HB_K_DN_COMMON__include_in_lot_stats | FO5: A_HB_K_DN_COMMON__stat_value | FP5: A_HB_K_DN_COMMON__lot_exclusion_reason | FQ5: A_HB_N_DN_COMMON__include_in_lot_stats | FR5: A_HB_N_DN_COMMON__stat_value | FS5: A_HB_N_DN_COMMON__lot_exclusion_reason | FT5: A_HB_R2_DN_COMMON__include_in_lot_stats | FU5: A_HB_R2_DN_COMMON__stat_value | FV5: A_HB_R2_DN_COMMON__lot_exclusion_reason | FW5: A_HB_TAUY_RATIO_COMMON__include_in_lot_stats | FX5: A_HB_TAUY_RATIO_COMMON__stat_value | FY5: A_HB_TAUY_RATIO_COMMON__lot_exclusion_reason | FZ5: A_STARTUP_PLATEAU_UP__include_in_lot_stats | GA5: A_STARTUP_PLATEAU_UP__stat_value | GB5: A_STARTUP_PLATEAU_UP__lot_exclusion_reason | GC5: A_POST_SHEAR_PLATEAU__include_in_lot_stats | GD5: A_POST_SHEAR_PLATEAU__stat_value | GE5: A_POST_SHEAR_PLATEAU__lot_exclusion_reason | GF5: A_PLATEAU_RETENTION__include_in_lot_stats | GG5: A_PLATEAU_RETENTION__stat_value | GH5: A_PLATEAU_RETENTION__lot_exclusion_reason | GI5: A_TQ_L__include_in_lot_stats | GJ5: A_TQ_L__stat_value | GK5: A_TQ_L__lot_exclusion_reason | GL5: A_RES_L__include_in_lot_stats | GM5: A_RES_L__stat_value | GN5: A_RES_L__lot_exclusion_reason | GO5: A_DUL_FLOOR__include_in_lot_stats | GP5: A_DUL_FLOOR__stat_value | GQ5: A_DUL_FLOOR__lot_exclusion_reason | GR5: A_EQ_DRIFT_MAX__include_in_lot_stats | GS5: A_EQ_DRIFT_MAX__stat_value | GT5: A_EQ_DRIFT_MAX__lot_exclusion_reason | GU5: A_TEMP_MEAN__include_in_lot_stats | GV5: A_TEMP_MEAN__stat_value | GW5: A_TEMP_MEAN__lot_exclusion_reason | GX5: A_TEMP_SPAN__include_in_lot_stats | GY5: A_TEMP_SPAN__stat_value | GZ5: A_TEMP_SPAN__lot_exclusion_reason | HA5: A_N_QUANT__include_in_lot_stats | HB5: A_N_QUANT__stat_value | HC5: A_N_QUANT__lot_exclusion_reason | HD5: A_SSI_FIELD_0P2_2_value | HE5: A_SSI_FIELD_0P2_2_num_rpm | HF5: A_SSI_FIELD_0P2_2_den_rpm | HG5: A_SSI_FIELD_0P2_2_num_step | HH5: A_SSI_FIELD_0P2_2_den_step | HI5: A_SSI_FIELD_0P2_2_value_class | HJ5: A_SSI_QC_0P5_5_value | HK5: A_SSI_QC_0P5_5_num_rpm | HL5: A_SSI_QC_0P5_5_den_rpm | HM5: A_SSI_QC_0P5_5_num_step | HN5: A_SSI_QC_0P5_5_den_step | HO5: A_SSI_QC_0P5_5_value_class | HP5: A_TAU_H_UP_rpm | HQ5: A_TAU_H_UP_step | HR5: A_ETA_HIGH_rpm | HS5: A_ETA_HIGH_step | HT5: temp_control
B6: SYN | C6: 01 | D6: HT-SYN-01.csv | F6: INCLUSIVE | G6: VALID | H6: 200 | I6: 200 | J6: 200 | K6: 10 | L6: 10 | P6: 0 | Q6: 200 | R6: 2.8097743e-07 | S6: 0.050002953 | AA6: 0 | AB6: 25 | AC6: 500000 | AD6: 20000 | AF6: 200 | AZ6: 20 | BA6: 0.5 | BB6: 50 | BC6: 3.396219e-14 | BD6: 25 | BE6: 0 | BF6: 10 | BG6: 1 | BH6: 200 | BJ6: 1 | BK6: 200 | BM6: 1 | BN6: 200 | BP6: 1 | BQ6: 10 | BS6: 1 | BT6: 10 | BV6: 0 | BX6: non-finite | BY6: 0 | CA6: non-finite | CB6: 0 | CD6: non-finite | CE6: 1 | CF6: 0 | CH6: 1 | CI6: 200 | CK6: 1 | CL6: 2.8097743e-07 | CN6: 1 | CO6: 0.050002953 | CQ6: 0 | CS6: non-finite | CT6: 0 | CV6: non-finite | CW6: 0 | CY6: non-finite | CZ6: 0 | DB6: non-finite | DC6: 0 | DE6: non-finite | DF6: 0 | DH6: non-finite | DI6: 0 | DK6: non-finite | DL6: 1 | DM6: 0 | DO6: 1 | DP6: 25 | DR6: 1 | DS6: 500000 | DU6: 1 | DV6: 20000 | DX6: 0 | DZ6: non-finite | EA6: 1 | EB6: 200 | ED6: 0 | EF6: non-finite | EG6: 0 | EI6: non-finite | EJ6: 0 | EL6: non-finite | EM6: 0 | EO6: non-finite | EP6: 0 | ER6: non-finite | ES6: 0 | EU6: non-finite | EV6: 0 | EX6: non-finite | EY6: 0 | FA6: non-finite | FB6: 0 | FD6: non-finite | FE6: 0 | FG6: non-finite | FH6: 0 | FJ6: non-finite | FK6: 0 | FM6: non-finite | FN6: 0 | FP6: non-finite | FQ6: 0 | FS6: non-finite | FT6: 0 | FV6: non-finite | FW6: 0 | FY6: non-finite | FZ6: 0 | GB6: non-finite | GC6: 0 | GE6: non-finite | GF6: 0 | GH6: non-finite | GI6: 1 | GJ6: 20 | GL6: 1 | GM6: 0.5 | GO6: 1 | GP6: 50 | GR6: 1 | GS6: 3.396219e-14 | GU6: 1 | GV6: 25 | GX6: 1 | GY6: 0 | HA6: 1 | HB6: 10 | HD6: 10 | HE6: 0.2 | HF6: 2 | HG6: S2 | HH6: S8 | HI6: strict 정량값 | HJ6: 10 | HK6: 0.5 | HL6: 5 | HM6: S4 | HN6: S11 | HO6: strict 정량값 | HP6: 5 | HQ6: S11 | HR6: 5 | HS6: S11 | HT6: No

Sheet B_Replicates
B1: Lot_QC_Summary | C1: QC_Dictionary | D1: A_Replicates | E1: B_Replicates | F1: Density_Replicates | G1: A_Replicates_INCL | H1: A_Replicates_EXC | I1: Metric_Statistics | J1: A_Step_Replicates | K1: A_Step_Statistics | L1: Replicate_Flags | M1: Traceability
B2: B_Replicates — 반복별 QC 지표 원값
B3: Python 공식 계산값(숫자형). 공란 = 유효 조건 미충족(사유는 Replicate_Flags). 이 시트 값을 수정하면 통계가 자동 재계산됩니다.
B4: POLICY INCLUSIVE — accepted holds 30,45,60 s, 범위 밖 Torque 점 inclusive 포함. EXCEPTION·CENSORED 값은 표준 60 s Lot 통계·추세·규격 설정에 혼용 금지
B5: lot | C5: repeat | D5: file | E5: test_start | F5: route | G5: data_qc | H5: B_ETA_BASE | I5: B_BRK_DECAY | J5: B_R60 | K5: B_R300 | L5: B_T90 | M5: B_ETA_BRK | N5: B_R10 | O5: B_R900 | P5: B_TQ_BASE | Q5: B_REC_FLOOR | R5: B_REC_VALID | S5: B_ETA_BASE__include_in_lot_stats | T5: B_ETA_BASE__stat_value | U5: B_ETA_BASE__lot_exclusion_reason | V5: B_BRK_DECAY__include_in_lot_stats | W5: B_BRK_DECAY__stat_value | X5: B_BRK_DECAY__lot_exclusion_reason | Y5: B_R60__include_in_lot_stats | Z5: B_R60__stat_value | AA5: B_R60__lot_exclusion_reason | AB5: B_R300__include_in_lot_stats | AC5: B_R300__stat_value | AD5: B_R300__lot_exclusion_reason | AE5: B_T90__include_in_lot_stats | AF5: B_T90__stat_value | AG5: B_T90__lot_exclusion_reason | AH5: B_ETA_BRK__include_in_lot_stats | AI5: B_ETA_BRK__stat_value | AJ5: B_ETA_BRK__lot_exclusion_reason | AK5: B_R10__include_in_lot_stats | AL5: B_R10__stat_value | AM5: B_R10__lot_exclusion_reason | AN5: B_R900__include_in_lot_stats | AO5: B_R900__stat_value | AP5: B_R900__lot_exclusion_reason | AQ5: B_TQ_BASE__include_in_lot_stats | AR5: B_TQ_BASE__stat_value | AS5: B_TQ_BASE__lot_exclusion_reason | AT5: B_REC_FLOOR__include_in_lot_stats | AU5: B_REC_FLOOR__stat_value | AV5: B_REC_FLOOR__lot_exclusion_reason | AW5: B_REC_VALID__include_in_lot_stats | AX5: B_REC_VALID__stat_value | AY5: B_REC_VALID__lot_exclusion_reason | AZ5: temp_control

Sheet Density_Replicates
B1: Lot_QC_Summary | C1: QC_Dictionary | D1: A_Replicates | E1: B_Replicates | F1: Density_Replicates | G1: A_Replicates_INCL | H1: A_Replicates_EXC | I1: Metric_Statistics | J1: A_Step_Replicates | K1: A_Step_Statistics | L1: Replicate_Flags | M1: Traceability
B2: Density_Replicates — 반복별 QC 지표 원값
B3: Python 공식 계산값(숫자형). 공란 = 유효 조건 미충족(사유는 Replicate_Flags). 이 시트 값을 수정하면 통계가 자동 재계산됩니다.
B4: POLICY INCLUSIVE — accepted holds 30,45,60 s, 범위 밖 Torque 점 inclusive 포함. EXCEPTION·CENSORED 값은 표준 60 s Lot 통계·추세·규격 설정에 혼용 금지
B5: lot | C5: repeat | D5: file | E5: test_start | F5: route | G5: data_qc | H5: D_RHO25 | I5: D_TEMP | J5: D_RHO25__include_in_lot_stats | K5: D_RHO25__stat_value | L5: D_RHO25__lot_exclusion_reason | M5: D_TEMP__include_in_lot_stats | N5: D_TEMP__stat_value | O5: D_TEMP__lot_exclusion_reason | P5: density_method | Q5: operator | R5: mass_empty_g | S5: mass_filled_g | T5: volume_mL | U5: density_direct | V5: density_calc | W5: note

Sheet A_Replicates_INCL
B1: Lot_QC_Summary | C1: QC_Dictionary | D1: A_Replicates | E1: B_Replicates | F1: Density_Replicates | G1: A_Replicates_INCL | H1: A_Replicates_EXC | I1: Metric_Statistics | J1: A_Step_Replicates | K1: A_Step_Statistics | L1: Replicate_Flags | M1: Traceability
B2: A_Replicates_INCL — INCLUSIVE 채널 전체 반복값(감사용)
B3: 정책 허용 hold·범위 밖 참고값을 포함한 inclusive 값입니다. CENSORED여도 셀을 비우지 않고, 오른쪽 값 구분 열에 출처를 남깁니다. Metric_Statistics의 inclusive 평균은 정책이 허용한 값 구분만 집계합니다.
B4: POLICY INCLUSIVE — accepted holds 30,45,60 s, 범위 밖 Torque 점 inclusive 포함. EXCEPTION·CENSORED 값은 표준 60 s Lot 통계·추세·규격 설정에 혼용 금지
B5: lot | C5: repeat | D5: file | E5: test_start | F5: route | G5: data_qc | H5: A_TAU_L_UP | I5: A_TAU_M_UP | J5: A_TAU_H_UP | K5: A_SSI_FIELD_0P2_2 | L5: A_SSI_QC_0P5_5 | M5: A_DU_L | N5: A_DU_M | O5: A_HYS_REL | P5: A_BRK_PEAK | Q5: A_HB_TAUY_UP | R5: A_HB_K_UP | S5: A_HB_N_UP | T5: A_HB_R2_UP | U5: A_HB_R2_DN | V5: A_HB_TAUY_DN | W5: A_HB_K_DN | X5: A_HB_N_DN | Y5: A_HB_TAUY_RATIO | Z5: A_HDI | AA5: A_OVS_L | AB5: A_HB_GRANGE | AC5: A_ETA_MIN_UP | AD5: A_ETA_HIGH | AE5: A_ETA_LOW_DN | AF5: A_STATIC_YIELD_APPROX_UP | AG5: A_POST_SHEAR_STARTUP_STRESS | AH5: A_POST_SHEAR_STRESS_RETENTION | AI5: A_ETA_RECOVERY_LOW | AJ5: A_HYS_AREA_SIGNED | AK5: A_HYS_AREA_ABS | AL5: A_HB_K_RATIO | AM5: A_HB_N_DIFF | AN5: A_HB_TAUY_UP_COMMON | AO5: A_HB_K_UP_COMMON | AP5: A_HB_N_UP_COMMON | AQ5: A_HB_R2_UP_COMMON | AR5: A_HB_TAUY_DN_COMMON | AS5: A_HB_K_DN_COMMON | AT5: A_HB_N_DN_COMMON | AU5: A_HB_R2_DN_COMMON | AV5: A_HB_TAUY_RATIO_COMMON | AW5: A_STARTUP_PLATEAU_UP | AX5: A_POST_SHEAR_PLATEAU | AY5: A_PLATEAU_RETENTION | AZ5: A_TQ_L | BA5: A_RES_L | BB5: A_DUL_FLOOR | BC5: A_EQ_DRIFT_MAX | BD5: A_TEMP_MEAN | BE5: A_TEMP_SPAN | BF5: A_N_QUANT | BG5: A_TAU_L_UP__include_in_lot_stats | BH5: A_TAU_L_UP__stat_value | BI5: A_TAU_L_UP__lot_exclusion_reason | BJ5: A_TAU_M_UP__include_in_lot_stats | BK5: A_TAU_M_UP__stat_value | BL5: A_TAU_M_UP__lot_exclusion_reason | BM5: A_TAU_H_UP__include_in_lot_stats | BN5: A_TAU_H_UP__stat_value | BO5: A_TAU_H_UP__lot_exclusion_reason | BP5: A_SSI_FIELD_0P2_2__include_in_lot_stats | BQ5: A_SSI_FIELD_0P2_2__stat_value | BR5: A_SSI_FIELD_0P2_2__lot_exclusion_reason | BS5: A_SSI_QC_0P5_5__include_in_lot_stats | BT5: A_SSI_QC_0P5_5__stat_value | BU5: A_SSI_QC_0P5_5__lot_exclusion_reason | BV5: A_DU_L__include_in_lot_stats | BW5: A_DU_L__stat_value | BX5: A_DU_L__lot_exclusion_reason | BY5: A_DU_M__include_in_lot_stats | BZ5: A_DU_M__stat_value | CA5: A_DU_M__lot_exclusion_reason | CB5: A_HYS_REL__include_in_lot_stats | CC5: A_HYS_REL__stat_value | CD5: A_HYS_REL__lot_exclusion_reason | CE5: A_BRK_PEAK__include_in_lot_stats | CF5: A_BRK_PEAK__stat_value | CG5: A_BRK_PEAK__lot_exclusion_reason | CH5: A_HB_TAUY_UP__include_in_lot_stats | CI5: A_HB_TAUY_UP__stat_value | CJ5: A_HB_TAUY_UP__lot_exclusion_reason | CK5: A_HB_K_UP__include_in_lot_stats | CL5: A_HB_K_UP__stat_value | CM5: A_HB_K_UP__lot_exclusion_reason | CN5: A_HB_N_UP__include_in_lot_stats | CO5: A_HB_N_UP__stat_value | CP5: A_HB_N_UP__lot_exclusion_reason | CQ5: A_HB_R2_UP__include_in_lot_stats | CR5: A_HB_R2_UP__stat_value | CS5: A_HB_R2_UP__lot_exclusion_reason | CT5: A_HB_R2_DN__include_in_lot_stats | CU5: A_HB_R2_DN__stat_value | CV5: A_HB_R2_DN__lot_exclusion_reason | CW5: A_HB_TAUY_DN__include_in_lot_stats | CX5: A_HB_TAUY_DN__stat_value | CY5: A_HB_TAUY_DN__lot_exclusion_reason | CZ5: A_HB_K_DN__include_in_lot_stats | DA5: A_HB_K_DN__stat_value | DB5: A_HB_K_DN__lot_exclusion_reason | DC5: A_HB_N_DN__include_in_lot_stats | DD5: A_HB_N_DN__stat_value | DE5: A_HB_N_DN__lot_exclusion_reason | DF5: A_HB_TAUY_RATIO__include_in_lot_stats | DG5: A_HB_TAUY_RATIO__stat_value | DH5: A_HB_TAUY_RATIO__lot_exclusion_reason | DI5: A_HDI__include_in_lot_stats | DJ5: A_HDI__stat_value | DK5: A_HDI__lot_exclusion_reason | DL5: A_OVS_L__include_in_lot_stats | DM5: A_OVS_L__stat_value | DN5: A_OVS_L__lot_exclusion_reason | DO5: A_HB_GRANGE__include_in_lot_stats | DP5: A_HB_GRANGE__stat_value | DQ5: A_HB_GRANGE__lot_exclusion_reason | DR5: A_ETA_MIN_UP__include_in_lot_stats | DS5: A_ETA_MIN_UP__stat_value | DT5: A_ETA_MIN_UP__lot_exclusion_reason | DU5: A_ETA_HIGH__include_in_lot_stats | DV5: A_ETA_HIGH__stat_value | DW5: A_ETA_HIGH__lot_exclusion_reason | DX5: A_ETA_LOW_DN__include_in_lot_stats | DY5: A_ETA_LOW_DN__stat_value | DZ5: A_ETA_LOW_DN__lot_exclusion_reason | EA5: A_STATIC_YIELD_APPROX_UP__include_in_lot_stats | EB5: A_STATIC_YIELD_APPROX_UP__stat_value | EC5: A_STATIC_YIELD_APPROX_UP__lot_exclusion_reason | ED5: A_POST_SHEAR_STARTUP_STRESS__include_in_lot_stats | EE5: A_POST_SHEAR_STARTUP_STRESS__stat_value | EF5: A_POST_SHEAR_STARTUP_STRESS__lot_exclusion_reason | EG5: A_POST_SHEAR_STRESS_RETENTION__include_in_lot_stats | EH5: A_POST_SHEAR_STRESS_RETENTION__stat_value | EI5: A_POST_SHEAR_STRESS_RETENTION__lot_exclusion_reason | EJ5: A_ETA_RECOVERY_LOW__include_in_lot_stats | EK5: A_ETA_RECOVERY_LOW__stat_value | EL5: A_ETA_RECOVERY_LOW__lot_exclusion_reason | EM5: A_HYS_AREA_SIGNED__include_in_lot_stats | EN5: A_HYS_AREA_SIGNED__stat_value | EO5: A_HYS_AREA_SIGNED__lot_exclusion_reason | EP5: A_HYS_AREA_ABS__include_in_lot_stats | EQ5: A_HYS_AREA_ABS__stat_value | ER5: A_HYS_AREA_ABS__lot_exclusion_reason | ES5: A_HB_K_RATIO__include_in_lot_stats | ET5: A_HB_K_RATIO__stat_value | EU5: A_HB_K_RATIO__lot_exclusion_reason | EV5: A_HB_N_DIFF__include_in_lot_stats | EW5: A_HB_N_DIFF__stat_value | EX5: A_HB_N_DIFF__lot_exclusion_reason | EY5: A_HB_TAUY_UP_COMMON__include_in_lot_stats | EZ5: A_HB_TAUY_UP_COMMON__stat_value | FA5: A_HB_TAUY_UP_COMMON__lot_exclusion_reason | FB5: A_HB_K_UP_COMMON__include_in_lot_stats | FC5: A_HB_K_UP_COMMON__stat_value | FD5: A_HB_K_UP_COMMON__lot_exclusion_reason | FE5: A_HB_N_UP_COMMON__include_in_lot_stats | FF5: A_HB_N_UP_COMMON__stat_value | FG5: A_HB_N_UP_COMMON__lot_exclusion_reason | FH5: A_HB_R2_UP_COMMON__include_in_lot_stats | FI5: A_HB_R2_UP_COMMON__stat_value | FJ5: A_HB_R2_UP_COMMON__lot_exclusion_reason | FK5: A_HB_TAUY_DN_COMMON__include_in_lot_stats | FL5: A_HB_TAUY_DN_COMMON__stat_value | FM5: A_HB_TAUY_DN_COMMON__lot_exclusion_reason | FN5: A_HB_K_DN_COMMON__include_in_lot_stats | FO5: A_HB_K_DN_COMMON__stat_value | FP5: A_HB_K_DN_COMMON__lot_exclusion_reason | FQ5: A_HB_N_DN_COMMON__include_in_lot_stats | FR5: A_HB_N_DN_COMMON__stat_value | FS5: A_HB_N_DN_COMMON__lot_exclusion_reason | FT5: A_HB_R2_DN_COMMON__include_in_lot_stats | FU5: A_HB_R2_DN_COMMON__stat_value | FV5: A_HB_R2_DN_COMMON__lot_exclusion_reason | FW5: A_HB_TAUY_RATIO_COMMON__include_in_lot_stats | FX5: A_HB_TAUY_RATIO_COMMON__stat_value | FY5: A_HB_TAUY_RATIO_COMMON__lot_exclusion_reason | FZ5: A_STARTUP_PLATEAU_UP__include_in_lot_stats | GA5: A_STARTUP_PLATEAU_UP__stat_value | GB5: A_STARTUP_PLATEAU_UP__lot_exclusion_reason | GC5: A_POST_SHEAR_PLATEAU__include_in_lot_stats | GD5: A_POST_SHEAR_PLATEAU__stat_value | GE5: A_POST_SHEAR_PLATEAU__lot_exclusion_reason | GF5: A_PLATEAU_RETENTION__include_in_lot_stats | GG5: A_PLATEAU_RETENTION__stat_value | GH5: A_PLATEAU_RETENTION__lot_exclusion_reason | GI5: A_TQ_L__include_in_lot_stats | GJ5: A_TQ_L__stat_value | GK5: A_TQ_L__lot_exclusion_reason | GL5: A_RES_L__include_in_lot_stats | GM5: A_RES_L__stat_value | GN5: A_RES_L__lot_exclusion_reason | GO5: A_DUL_FLOOR__include_in_lot_stats | GP5: A_DUL_FLOOR__stat_value | GQ5: A_DUL_FLOOR__lot_exclusion_reason | GR5: A_EQ_DRIFT_MAX__include_in_lot_stats | GS5: A_EQ_DRIFT_MAX__stat_value | GT5: A_EQ_DRIFT_MAX__lot_exclusion_reason | GU5: A_TEMP_MEAN__include_in_lot_stats | GV5: A_TEMP_MEAN__stat_value | GW5: A_TEMP_MEAN__lot_exclusion_reason | GX5: A_TEMP_SPAN__include_in_lot_stats | GY5: A_TEMP_SPAN__stat_value | GZ5: A_TEMP_SPAN__lot_exclusion_reason | HA5: A_N_QUANT__include_in_lot_stats | HB5: A_N_QUANT__stat_value | HC5: A_N_QUANT__lot_exclusion_reason | HD5: A_SSI_FIELD_0P2_2_value | HE5: A_SSI_FIELD_0P2_2_num_rpm | HF5: A_SSI_FIELD_0P2_2_den_rpm | HG5: A_SSI_FIELD_0P2_2_num_step | HH5: A_SSI_FIELD_0P2_2_den_step | HI5: A_SSI_FIELD_0P2_2_value_class | HJ5: A_SSI_QC_0P5_5_value | HK5: A_SSI_QC_0P5_5_num_rpm | HL5: A_SSI_QC_0P5_5_den_rpm | HM5: A_SSI_QC_0P5_5_num_step | HN5: A_SSI_QC_0P5_5_den_step | HO5: A_SSI_QC_0P5_5_value_class | HP5: A_TAU_H_UP_rpm | HQ5: A_TAU_H_UP_step | HR5: A_ETA_HIGH_rpm | HS5: A_ETA_HIGH_step | HT5: A_TAU_L_UP_class | HU5: A_TAU_M_UP_class | HV5: A_TAU_H_UP_class | HW5: A_SSI_FIELD_0P2_2_class | HX5: A_SSI_QC_0P5_5_class | HY5: A_DU_L_class | HZ5: A_DU_M_class | IA5: A_HYS_REL_class | IB5: A_BRK_PEAK_class | IC5: A_HB_TAUY_UP_class | ID5: A_HB_K_UP_class | IE5: A_HB_N_UP_class | IF5: A_HB_R2_UP_class | IG5: A_HB_R2_DN_class | IH5: A_HB_TAUY_DN_class | II5: A_HB_K_DN_class | IJ5: A_HB_N_DN_class | IK5: A_HB_TAUY_RATIO_class | IL5: A_HDI_class | IM5: A_OVS_L_class | IN5: A_HB_GRANGE_class | IO5: A_ETA_MIN_UP_class | IP5: A_ETA_HIGH_class | IQ5: A_ETA_LOW_DN_class | IR5: A_STATIC_YIELD_APPROX_UP_class | IS5: A_POST_SHEAR_STARTUP_STRESS_class | IT5: A_POST_SHEAR_STRESS_RETENTION_class | IU5: A_ETA_RECOVERY_LOW_class | IV5: A_HYS_AREA_SIGNED_class | IW5: A_HYS_AREA_ABS_class | IX5: A_HB_K_RATIO_class | IY5: A_HB_N_DIFF_class | IZ5: A_HB_TAUY_UP_COMMON_class | JA5: A_HB_K_UP_COMMON_class | JB5: A_HB_N_UP_COMMON_class | JC5: A_HB_R2_UP_COMMON_class | JD5: A_HB_TAUY_DN_COMMON_class | JE5: A_HB_K_DN_COMMON_class | JF5: A_HB_N_DN_COMMON_class | JG5: A_HB_R2_DN_COMMON_class | JH5: A_HB_TAUY_RATIO_COMMON_class | JI5: A_STARTUP_PLATEAU_UP_class | JJ5: A_POST_SHEAR_PLATEAU_class | JK5: A_PLATEAU_RETENTION_class | JL5: A_TQ_L_class | JM5: A_RES_L_class | JN5: A_DUL_FLOOR_class | JO5: A_EQ_DRIFT_MAX_class | JP5: A_TEMP_MEAN_class | JQ5: A_TEMP_SPAN_class | JR5: A_N_QUANT_class
B6: SYN | C6: 01 | D6: HT-SYN-01.csv | F6: INCLUSIVE | G6: VALID | H6: 200 | I6: 200 | J6: 200 | K6: 10 | L6: 10 | P6: 0 | Q6: 200 | R6: 2.8097743e-07 | S6: 0.050002953 | AA6: 0 | AB6: 25 | AC6: 500000 | AD6: 20000 | AF6: 200 | AZ6: 20 | BA6: 0.5 | BB6: 50 | BC6: 3.396219e-14 | BD6: 25 | BE6: 0 | BF6: 10 | BG6: 1 | BH6: 200 | BJ6: 1 | BK6: 200 | BM6: 1 | BN6: 200 | BP6: 1 | BQ6: 10 | BS6: 1 | BT6: 10 | BV6: 0 | BX6: non-finite | BY6: 0 | CA6: non-finite | CB6: 0 | CD6: non-finite | CE6: 1 | CF6: 0 | CH6: 1 | CI6: 200 | CK6: 1 | CL6: 2.8097743e-07 | CN6: 1 | CO6: 0.050002953 | CQ6: 0 | CS6: non-finite | CT6: 0 | CV6: non-finite | CW6: 0 | CY6: non-finite | CZ6: 0 | DB6: non-finite | DC6: 0 | DE6: non-finite | DF6: 0 | DH6: non-finite | DI6: 0 | DK6: non-finite | DL6: 1 | DM6: 0 | DO6: 1 | DP6: 25 | DR6: 1 | DS6: 500000 | DU6: 1 | DV6: 20000 | DX6: 0 | DZ6: non-finite | EA6: 1 | EB6: 200 | ED6: 0 | EF6: non-finite | EG6: 0 | EI6: non-finite | EJ6: 0 | EL6: non-finite | EM6: 0 | EO6: non-finite | EP6: 0 | ER6: non-finite | ES6: 0 | EU6: non-finite | EV6: 0 | EX6: non-finite | EY6: 0 | FA6: non-finite | FB6: 0 | FD6: non-finite | FE6: 0 | FG6: non-finite | FH6: 0 | FJ6: non-finite | FK6: 0 | FM6: non-finite | FN6: 0 | FP6: non-finite | FQ6: 0 | FS6: non-finite | FT6: 0 | FV6: non-finite | FW6: 0 | FY6: non-finite | FZ6: 0 | GB6: non-finite | GC6: 0 | GE6: non-finite | GF6: 0 | GH6: non-finite | GI6: 1 | GJ6: 20 | GL6: 1 | GM6: 0.5 | GO6: 1 | GP6: 50 | GR6: 1 | GS6: 3.396219e-14 | GU6: 1 | GV6: 25 | GX6: 1 | GY6: 0 | HA6: 1 | HB6: 10 | HD6: 10 | HE6: 0.2 | HF6: 2 | HG6: S2 | HH6: S8 | HI6: strict 정량값 | HJ6: 10 | HK6: 0.5 | HL6: 5 | HM6: S4 | HN6: S11 | HO6: strict 정량값 | HP6: 5 | HQ6: S11 | HR6: 5 | HS6: S11 | HT6: strict 정량값 | HU6: strict 정량값 | HV6: strict 정량값 | HW6: strict 정량값 | HX6: strict 정량값 | HY6: strict 정량값 | HZ6: strict 정량값 | IA6: NO VALUE | IB6: strict 정량값 | IC6: strict 정량값 | ID6: strict 정량값 | IE6: strict 정량값 | IF6: strict 정량값 | IG6: NO VALUE | IH6: NO VALUE | II6: NO VALUE | IJ6: NO VALUE | IK6: strict 정량값 | IL6: NO VALUE | IM6: strict 정량값 | IN6: strict 정량값 | IO6: strict 정량값 | IP6: strict 정량값 | IQ6: NO VALUE | IR6: strict 정량값 | IS6: NO VALUE | IT6: NO VALUE | IU6: NO VALUE | IV6: NO VALUE | IW6: NO VALUE | IX6: strict 정량값 | IY6: strict 정량값 | IZ6: NO VALUE | JA6: NO VALUE | JB6: NO VALUE | JC6: NO VALUE | JD6: NO VALUE | JE6: NO VALUE | JF6: NO VALUE | JG6: NO VALUE | JH6: NO VALUE | JI6: NO VALUE | JJ6: NO VALUE | JK6: NO VALUE | JL6: strict 정량값 | JM6: strict 정량값 | JN6: strict 정량값 | JO6: strict 정량값 | JP6: strict 정량값 | JQ6: strict 정량값 | JR6: strict 정량값

Sheet A_Replicates_EXC
B1: Lot_QC_Summary | C1: QC_Dictionary | D1: A_Replicates | E1: B_Replicates | F1: Density_Replicates | G1: A_Replicates_INCL | H1: A_Replicates_EXC | I1: Metric_Statistics | J1: A_Step_Replicates | K1: A_Step_Statistics | L1: Replicate_Flags | M1: Traceability
B2: A_Replicates_EXC — INCLUSIVE 결과 중 EXCEPTION 값 감사 필터
B3: 30/45 s 등 승인 예외 hold Step을 사용한 inclusive 값만 표시합니다. 이 시트는 제외 목록이 아니라 사용 내역 확인용입니다.
B4: POLICY INCLUSIVE — accepted holds 30,45,60 s, 범위 밖 Torque 점 inclusive 포함. EXCEPTION·CENSORED 값은 표준 60 s Lot 통계·추세·규격 설정에 혼용 금지
B5: lot | C5: repeat | D5: file | E5: test_start | F5: route | G5: data_qc | H5: A_TAU_L_UP | I5: A_TAU_M_UP | J5: A_TAU_H_UP | K5: A_SSI_FIELD_0P2_2 | L5: A_SSI_QC_0P5_5 | M5: A_DU_L | N5: A_DU_M | O5: A_HYS_REL | P5: A_BRK_PEAK | Q5: A_HB_TAUY_UP | R5: A_HB_K_UP | S5: A_HB_N_UP | T5: A_HB_R2_UP | U5: A_HB_R2_DN | V5: A_HB_TAUY_DN | W5: A_HB_K_DN | X5: A_HB_N_DN | Y5: A_HB_TAUY_RATIO | Z5: A_HDI | AA5: A_OVS_L | AB5: A_HB_GRANGE | AC5: A_ETA_MIN_UP | AD5: A_ETA_HIGH | AE5: A_ETA_LOW_DN | AF5: A_STATIC_YIELD_APPROX_UP | AG5: A_POST_SHEAR_STARTUP_STRESS | AH5: A_POST_SHEAR_STRESS_RETENTION | AI5: A_ETA_RECOVERY_LOW | AJ5: A_HYS_AREA_SIGNED | AK5: A_HYS_AREA_ABS | AL5: A_HB_K_RATIO | AM5: A_HB_N_DIFF | AN5: A_HB_TAUY_UP_COMMON | AO5: A_HB_K_UP_COMMON | AP5: A_HB_N_UP_COMMON | AQ5: A_HB_R2_UP_COMMON | AR5: A_HB_TAUY_DN_COMMON | AS5: A_HB_K_DN_COMMON | AT5: A_HB_N_DN_COMMON | AU5: A_HB_R2_DN_COMMON | AV5: A_HB_TAUY_RATIO_COMMON | AW5: A_STARTUP_PLATEAU_UP | AX5: A_POST_SHEAR_PLATEAU | AY5: A_PLATEAU_RETENTION | AZ5: A_TQ_L | BA5: A_RES_L | BB5: A_DUL_FLOOR | BC5: A_EQ_DRIFT_MAX | BD5: A_TEMP_MEAN | BE5: A_TEMP_SPAN | BF5: A_N_QUANT
B6: SYN | C6: 01 | D6: HT-SYN-01.csv | F6: INCLUSIVE | G6: VALID

Sheet Metric_Statistics
B1: Lot_QC_Summary | C1: QC_Dictionary | D1: A_Replicates | E1: B_Replicates | F1: Density_Replicates | G1: A_Replicates_INCL | H1: A_Replicates_EXC | I1: Metric_Statistics | J1: A_Step_Replicates | K1: A_Step_Statistics | L1: Replicate_Flags | M1: Traceability
B2: Metric_Statistics — STRICT/INCLUSIVE 감사용 반복 통계(수식)
B3: 감사·method 검토용 시트입니다. 좌측은 STRICT(60 s·Torque 10–95%) 통계, 우측은 INCLUSIVE 통계와 차이입니다. 일상 판독은 Lot_QC_Summary의 대표 채널 값을 사용합니다. RSD는 0 기준 차이형 지표(zero_ref)에서 'N/A(0 기준)', |Mean|<SD이면 'N/A(|Mean|<SD)'로 표시합니다. Inclusive 평균은 정책이 허용한 값 구분만 집계하고, n Low/High-TQ Ref는 참고값 개수입니다.
B5: Code | C5: Method | D5: Tier | E5: n Strict | F5: Strict Mean | G5: Strict SD | H5: Strict RSD(%) | I5: Strict Min | J5: Strict Max | K5: Strict Range | L5: Strict |Mean| | M5: Strict n(+) | N5: Strict n(−) | O5: Strict 원본 범위 | P5: n Inclusive | Q5: Inclusive Mean | R5: Inclusive SD | S5: Δ Mean (Inclusive−Strict) | T5: n EXC | U5: EXC Mean | V5: n Low-TQ Ref | W5: n High-TQ Ref | X5: Inclusive Min | Y5: Inclusive Max | Z5: Inclusive Range
B6: A_TAU_L_UP | C6: A | D6: T1 | E6: =COUNT('A_Replicates'!BH6:BH6) | F6: =IF(E6=0,"",AVERAGE('A_Replicates'!BH6:BH6)) | G6: =IF(E6<2,"",STDEV('A_Replicates'!BH6:BH6)) | H6: =IF(E6<2,"",IF(G6=0,0,IF(ABS(F6)<G6,"N/A(|Mean|<SD)",G6/ABS(F6)*100))) | I6: =IF(E6=0,"",MIN('A_Replicates'!BH6:BH6)) | J6: =IF(E6=0,"",MAX('A_Replicates'!BH6:BH6)) | K6: =IF(E6=0,"",J6-I6) | L6: =IF(E6=0,"",SUMPRODUCT(ABS('A_Replicates'!BH6:BH6))/E6) | M6: =IF(E6=0,"",COUNTIF('A_Replicates'!BH6:BH6,">0")) | N6: =IF(E6=0,"",COUNTIF('A_Replicates'!BH6:BH6,"<0")) | O6: 'A_Replicates'!BH6:BH6 | P6: =COUNT('A_Replicates_INCL'!BH6:BH6) | Q6: =IF(P6=0,"",AVERAGE('A_Replicates_INCL'!BH6:BH6)) | R6: =IF(P6<2,"",STDEV('A_Replicates_INCL'!BH6:BH6)) | S6: =IF(OR(P6=0,E6=0),"",Q6-F6) | T6: =COUNT('A_Replicates_EXC'!H6:H6) | U6: =IF(T6=0,"",AVERAGE('A_Replicates_EXC'!H6:H6)) | V6: =COUNTIF('A_Replicates_INCL'!HT6:HT6,"torque 하한 밖 참고값")+COUNTIF('A_Replicates_INCL'!HT6:HT6,"torque 범위 밖 참고값") | W6: =COUNTIF('A_Replicates_INCL'!HT6:HT6,"torque 상한 밖 참고값")+COUNTIF('A_Replicates_INCL'!HT6:HT6,"torque 범위 밖 참고값") | X6: =IF(P6=0,"",MIN('A_Replicates_INCL'!BH6:BH6)) | Y6: =IF(P6=0,"",MAX('A_Replicates_INCL'!BH6:BH6)) | Z6: =IF(P6=0,"",Y6-X6)
B7: A_TAU_M_UP | C7: A | D7: T1 | E7: =COUNT('A_Replicates'!BK6:BK6) | F7: =IF(E7=0,"",AVERAGE('A_Replicates'!BK6:BK6)) | G7: =IF(E7<2,"",STDEV('A_Replicates'!BK6:BK6)) | H7: =IF(E7<2,"",IF(G7=0,0,IF(ABS(F7)<G7,"N/A(|Mean|<SD)",G7/ABS(F7)*100))) | I7: =IF(E7=0,"",MIN('A_Replicates'!BK6:BK6)) | J7: =IF(E7=0,"",MAX('A_Replicates'!BK6:BK6)) | K7: =IF(E7=0,"",J7-I7) | L7: =IF(E7=0,"",SUMPRODUCT(ABS('A_Replicates'!BK6:BK6))/E7) | M7: =IF(E7=0,"",COUNTIF('A_Replicates'!BK6:BK6,">0")) | N7: =IF(E7=0,"",COUNTIF('A_Replicates'!BK6:BK6,"<0")) | O7: 'A_Replicates'!BK6:BK6 | P7: =COUNT('A_Replicates_INCL'!BK6:BK6) | Q7: =IF(P7=0,"",AVERAGE('A_Replicates_INCL'!BK6:BK6)) | R7: =IF(P7<2,"",STDEV('A_Replicates_INCL'!BK6:BK6)) | S7: =IF(OR(P7=0,E7=0),"",Q7-F7) | T7: =COUNT('A_Replicates_EXC'!I6:I6) | U7: =IF(T7=0,"",AVERAGE('A_Replicates_EXC'!I6:I6)) | V7: =COUNTIF('A_Replicates_INCL'!HU6:HU6,"torque 하한 밖 참고값")+COUNTIF('A_Replicates_INCL'!HU6:HU6,"torque 범위 밖 참고값") | W7: =COUNTIF('A_Replicates_INCL'!HU6:HU6,"torque 상한 밖 참고값")+COUNTIF('A_Replicates_INCL'!HU6:HU6,"torque 범위 밖 참고값") | X7: =IF(P7=0,"",MIN('A_Replicates_INCL'!BK6:BK6)) | Y7: =IF(P7=0,"",MAX('A_Replicates_INCL'!BK6:BK6)) | Z7: =IF(P7=0,"",Y7-X7)
B8: A_TAU_H_UP | C8: A | D8: T1 | E8: =COUNT('A_Replicates'!BN6:BN6) | F8: =IF(E8=0,"",AVERAGE('A_Replicates'!BN6:BN6)) | G8: =IF(E8<2,"",STDEV('A_Replicates'!BN6:BN6)) | H8: =IF(E8<2,"",IF(G8=0,0,IF(ABS(F8)<G8,"N/A(|Mean|<SD)",G8/ABS(F8)*100))) | I8: =IF(E8=0,"",MIN('A_Replicates'!BN6:BN6)) | J8: =IF(E8=0,"",MAX('A_Replicates'!BN6:BN6)) | K8: =IF(E8=0,"",J8-I8) | L8: =IF(E8=0,"",SUMPRODUCT(ABS('A_Replicates'!BN6:BN6))/E8) | M8: =IF(E8=0,"",COUNTIF('A_Replicates'!BN6:BN6,">0")) | N8: =IF(E8=0,"",COUNTIF('A_Replicates'!BN6:BN6,"<0")) | O8: 'A_Replicates'!BN6:BN6 | P8: =COUNT('A_Replicates_INCL'!BN6:BN6) | Q8: =IF(P8=0,"",AVERAGE('A_Replicates_INCL'!BN6:BN6)) | R8: =IF(P8<2,"",STDEV('A_Replicates_INCL'!BN6:BN6)) | S8: =IF(OR(P8=0,E8=0),"",Q8-F8) | T8: =COUNT('A_Replicates_EXC'!J6:J6) | U8: =IF(T8=0,"",AVERAGE('A_Replicates_EXC'!J6:J6)) | V8: =COUNTIF('A_Replicates_INCL'!HV6:HV6,"torque 하한 밖 참고값")+COUNTIF('A_Replicates_INCL'!HV6:HV6,"torque 범위 밖 참고값") | W8: =COUNTIF('A_Replicates_INCL'!HV6:HV6,"torque 상한 밖 참고값")+COUNTIF('A_Replicates_INCL'!HV6:HV6,"torque 범위 밖 참고값") | X8: =IF(P8=0,"",MIN('A_Replicates_INCL'!BN6:BN6)) | Y8: =IF(P8=0,"",MAX('A_Replicates_INCL'!BN6:BN6)) | Z8: =IF(P8=0,"",Y8-X8)
B9: A_ETA_MIN_UP | C9: A | D9: T1 | E9: =COUNT('A_Replicates'!DS6:DS6) | F9: =IF(E9=0,"",AVERAGE('A_Replicates'!DS6:DS6)) | G9: =IF(E9<2,"",STDEV('A_Replicates'!DS6:DS6)) | H9: =IF(E9<2,"",IF(G9=0,0,IF(ABS(F9)<G9,"N/A(|Mean|<SD)",G9/ABS(F9)*100))) | I9: =IF(E9=0,"",MIN('A_Replicates'!DS6:DS6)) | J9: =IF(E9=0,"",MAX('A_Replicates'!DS6:DS6)) | K9: =IF(E9=0,"",J9-I9) | L9: =IF(E9=0,"",SUMPRODUCT(ABS('A_Replicates'!DS6:DS6))/E9) | M9: =IF(E9=0,"",COUNTIF('A_Replicates'!DS6:DS6,">0")) | N9: =IF(E9=0,"",COUNTIF('A_Replicates'!DS6:DS6,"<0")) | O9: 'A_Replicates'!DS6:DS6 | P9: =COUNT('A_Replicates_INCL'!DS6:DS6) | Q9: =IF(P9=0,"",AVERAGE('A_Replicates_INCL'!DS6:DS6)) | R9: =IF(P9<2,"",STDEV('A_Replicates_INCL'!DS6:DS6)) | S9: =IF(OR(P9=0,E9=0),"",Q9-F9) | T9: =COUNT('A_Replicates_EXC'!AC6:AC6) | U9: =IF(T9=0,"",AVERAGE('A_Replicates_EXC'!AC6:AC6)) | V9: =COUNTIF('A_Replicates_INCL'!IO6:IO6,"torque 하한 밖 참고값")+COUNTIF('A_Replicates_INCL'!IO6:IO6,"torque 범위 밖 참고값") | W9: =COUNTIF('A_Replicates_INCL'!IO6:IO6,"torque 상한 밖 참고값")+COUNTIF('A_Replicates_INCL'!IO6:IO6,"torque 범위 밖 참고값") | X9: =IF(P9=0,"",MIN('A_Replicates_INCL'!DS6:DS6)) | Y9: =IF(P9=0,"",MAX('A_Replicates_INCL'!DS6:DS6)) | Z9: =IF(P9=0,"",Y9-X9)
B10: A_ETA_HIGH | C10: A | D10: T1 | E10: =COUNT('A_Replicates'!DV6:DV6) | F10: =IF(E10=0,"",AVERAGE('A_Replicates'!DV6:DV6)) | G10: =IF(E10<2,"",STDEV('A_Replicates'!DV6:DV6)) | H10: =IF(E10<2,"",IF(G10=0,0,IF(ABS(F10)<G10,"N/A(|Mean|<SD)",G10/ABS(F10)*100))) | I10: =IF(E10=0,"",MIN('A_Replicates'!DV6:DV6)) | J10: =IF(E10=0,"",MAX('A_Replicates'!DV6:DV6)) | K10: =IF(E10=0,"",J10-I10) | L10: =IF(E10=0,"",SUMPRODUCT(ABS('A_Replicates'!DV6:DV6))/E10) | M10: =IF(E10=0,"",COUNTIF('A_Replicates'!DV6:DV6,">0")) | N10: =IF(E10=0,"",COUNTIF('A_Replicates'!DV6:DV6,"<0")) | O10: 'A_Replicates'!DV6:DV6 | P10: =COUNT('A_Replicates_INCL'!DV6:DV6) | Q10: =IF(P10=0,"",AVERAGE('A_Replicates_INCL'!DV6:DV6)) | R10: =IF(P10<2,"",STDEV('A_Replicates_INCL'!DV6:DV6)) | S10: =IF(OR(P10=0,E10=0),"",Q10-F10) | T10: =COUNT('A_Replicates_EXC'!AD6:AD6) | U10: =IF(T10=0,"",AVERAGE('A_Replicates_EXC'!AD6:AD6)) | V10: =COUNTIF('A_Replicates_INCL'!IP6:IP6,"torque 하한 밖 참고값")+COUNTIF('A_Replicates_INCL'!IP6:IP6,"torque 범위 밖 참고값") | W10: =COUNTIF('A_Replicates_INCL'!IP6:IP6,"torque 상한 밖 참고값")+COUNTIF('A_Replicates_INCL'!IP6:IP6,"torque 범위 밖 참고값") | X10: =IF(P10=0,"",MIN('A_Replicates_INCL'!DV6:DV6)) | Y10: =IF(P10=0,"",MAX('A_Replicates_INCL'!DV6:DV6)) | Z10: =IF(P10=0,"",Y10-X10)
B11: A_SSI_FIELD_0P2_2 | C11: A | D11: T1 | E11: =COUNT('A_Replicates'!BQ6:BQ6) | F11: =IF(E11=0,"",AVERAGE('A_Replicates'!BQ6:BQ6)) | G11: =IF(E11<2,"",STDEV('A_Replicates'!BQ6:BQ6)) | H11: =IF(E11<2,"",IF(G11=0,0,IF(ABS(F11)<G11,"N/A(|Mean|<SD)",G11/ABS(F11)*100))) | I11: =IF(E11=0,"",MIN('A_Replicates'!BQ6:BQ6)) | J11: =IF(E11=0,"",MAX('A_Replicates'!BQ6:BQ6)) | K11: =IF(E11=0,"",J11-I11) | L11: =IF(E11=0,"",SUMPRODUCT(ABS('A_Replicates'!BQ6:BQ6))/E11) | M11: =IF(E11=0,"",COUNTIF('A_Replicates'!BQ6:BQ6,">0")) | N11: =IF(E11=0,"",COUNTIF('A_Replicates'!BQ6:BQ6,"<0")) | O11: 'A_Replicates'!BQ6:BQ6 | P11: =COUNT('A_Replicates_INCL'!BQ6:BQ6) | Q11: =IF(P11=0,"",AVERAGE('A_Replicates_INCL'!BQ6:BQ6)) | R11: =IF(P11<2,"",STDEV('A_Replicates_INCL'!BQ6:BQ6)) | S11: =IF(OR(P11=0,E11=0),"",Q11-F11) | T11: =COUNT('A_Replicates_EXC'!K6:K6) | U11: =IF(T11=0,"",AVERAGE('A_Replicates_EXC'!K6:K6)) | V11: =COUNTIF('A_Replicates_INCL'!HW6:HW6,"torque 하한 밖 참고값")+COUNTIF('A_Replicates_INCL'!HW6:HW6,"torque 범위 밖 참고값") | W11: =COUNTIF('A_Replicates_INCL'!HW6:HW6,"torque 상한 밖 참고값")+COUNTIF('A_Replicates_INCL'!HW6:HW6,"torque 범위 밖 참고값") | X11: =IF(P11=0,"",MIN('A_Replicates_INCL'!BQ6:BQ6)) | Y11: =IF(P11=0,"",MAX('A_Replicates_INCL'!BQ6:BQ6)) | Z11: =IF(P11=0,"",Y11-X11)
B12: A_SSI_QC_0P5_5 | C12: A | D12: T1 | E12: =COUNT('A_Replicates'!BT6:BT6) | F12: =IF(E12=0,"",AVERAGE('A_Replicates'!BT6:BT6)) | G12: =IF(E12<2,"",STDEV('A_Replicates'!BT6:BT6)) | H12: =IF(E12<2,"",IF(G12=0,0,IF(ABS(F12)<G12,"N/A(|Mean|<SD)",G12/ABS(F12)*100))) | I12: =IF(E12=0,"",MIN('A_Replicates'!BT6:BT6)) | J12: =IF(E12=0,"",MAX('A_Replicates'!BT6:BT6)) | K12: =IF(E12=0,"",J12-I12) | L12: =IF(E12=0,"",SUMPRODUCT(ABS('A_Replicates'!BT6:BT6))/E12) | M12: =IF(E12=0,"",COUNTIF('A_Replicates'!BT6:BT6,">0")) | N12: =IF(E12=0,"",COUNTIF('A_Replicates'!BT6:BT6,"<0")) | O12: 'A_Replicates'!BT6:BT6 | P12: =COUNT('A_Replicates_INCL'!BT6:BT6) | Q12: =IF(P12=0,"",AVERAGE('A_Replicates_INCL'!BT6:BT6)) | R12: =IF(P12<2,"",STDEV('A_Replicates_INCL'!BT6:BT6)) | S12: =IF(OR(P12=0,E12=0),"",Q12-F12) | T12: =COUNT('A_Replicates_EXC'!L6:L6) | U12: =IF(T12=0,"",AVERAGE('A_Replicates_EXC'!L6:L6)) | V12: =COUNTIF('A_Replicates_INCL'!HX6:HX6,"torque 하한 밖 참고값")+COUNTIF('A_Replicates_INCL'!HX6:HX6,"torque 범위 밖 참고값") | W12: =COUNTIF('A_Replicates_INCL'!HX6:HX6,"torque 상한 밖 참고값")+COUNTIF('A_Replicates_INCL'!HX6:HX6,"torque 범위 밖 참고값") | X12: =IF(P12=0,"",MIN('A_Replicates_INCL'!BT6:BT6)) | Y12: =IF(P12=0,"",MAX('A_Replicates_INCL'!BT6:BT6)) | Z12: =IF(P12=0,"",Y12-X12)
B13: A_ETA_LOW_DN | C13: A | D13: T1 | E13: =COUNT('A_Replicates'!DY6:DY6) | F13: =IF(E13=0,"",AVERAGE('A_Replicates'!DY6:DY6)) | G13: =IF(E13<2,"",STDEV('A_Replicates'!DY6:DY6)) | H13: =IF(E13<2,"",IF(G13=0,0,IF(ABS(F13)<G13,"N/A(|Mean|<SD)",G13/ABS(F13)*100))) | I13: =IF(E13=0,"",MIN('A_Replicates'!DY6:DY6)) | J13: =IF(E13=0,"",MAX('A_Replicates'!DY6:DY6)) | K13: =IF(E13=0,"",J13-I13) | L13: =IF(E13=0,"",SUMPRODUCT(ABS('A_Replicates'!DY6:DY6))/E13) | M13: =IF(E13=0,"",COUNTIF('A_Replicates'!DY6:DY6,">0")) | N13: =IF(E13=0,"",COUNTIF('A_Replicates'!DY6:DY6,"<0")) | O13: 'A_Replicates'!DY6:DY6 | P13: =COUNT('A_Replicates_INCL'!DY6:DY6) | Q13: =IF(P13=0,"",AVERAGE('A_Replicates_INCL'!DY6:DY6)) | R13: =IF(P13<2,"",STDEV('A_Replicates_INCL'!DY6:DY6)) | S13: =IF(OR(P13=0,E13=0),"",Q13-F13) | T13: =COUNT('A_Replicates_EXC'!AE6:AE6) | U13: =IF(T13=0,"",AVERAGE('A_Replicates_EXC'!AE6:AE6)) | V13: =COUNTIF('A_Replicates_INCL'!IQ6:IQ6,"torque 하한 밖 참고값")+COUNTIF('A_Replicates_INCL'!IQ6:IQ6,"torque 범위 밖 참고값") | W13: =COUNTIF('A_Replicates_INCL'!IQ6:IQ6,"torque 상한 밖 참고값")+COUNTIF('A_Replicates_INCL'!IQ6:IQ6,"torque 범위 밖 참고값") | X13: =IF(P13=0,"",MIN('A_Replicates_INCL'!DY6:DY6)) | Y13: =IF(P13=0,"",MAX('A_Replicates_INCL'!DY6:DY6)) | Z13: =IF(P13=0,"",Y13-X13)
B14: D_RHO25 | C14: D | D14: T1 | E14: 0 | F14: ="" | G14: ="" | H14: ="" | I14: ="" | J14: ="" | K14: ="" | L14: ="" | M14: ="" | N14: ="" | O14: 반복 데이터 없음 | P14: 0 | Q14: ="" | R14: ="" | S14: ="" | T14: 0 | U14: ="" | V14: ="" | W14: =""
B15: A_DU_L | C15: A | D15: T2 | E15: =COUNT('A_Replicates'!BW6:BW6) | F15: =IF(E15=0,"",AVERAGE('A_Replicates'!BW6:BW6)) | G15: =IF(E15<2,"",STDEV('A_Replicates'!BW6:BW6)) | H15: =IF(E15<2,"",IF(G15=0,0,IF(ABS(F15)<G15,"N/A(|Mean|<SD)",G15/ABS(F15)*100))) | I15: =IF(E15=0,"",MIN('A_Replicates'!BW6:BW6)) | J15: =IF(E15=0,"",MAX('A_Replicates'!BW6:BW6)) | K15: =IF(E15=0,"",J15-I15) | L15: =IF(E15=0,"",SUMPRODUCT(ABS('A_Replicates'!BW6:BW6))/E15) | M15: =IF(E15=0,"",COUNTIF('A_Replicates'!BW6:BW6,">0")) | N15: =IF(E15=0,"",COUNTIF('A_Replicates'!BW6:BW6,"<0")) | O15: 'A_Replicates'!BW6:BW6 | P15: =COUNT('A_Replicates_INCL'!BW6:BW6) | Q15: =IF(P15=0,"",AVERAGE('A_Replicates_INCL'!BW6:BW6)) | R15: =IF(P15<2,"",STDEV('A_Replicates_INCL'!BW6:BW6)) | S15: =IF(OR(P15=0,E15=0),"",Q15-F15) | T15: =COUNT('A_Replicates_EXC'!M6:M6) | U15: =IF(T15=0,"",AVERAGE('A_Replicates_EXC'!M6:M6)) | V15: =COUNTIF('A_Replicates_INCL'!HY6:HY6,"torque 하한 밖 참고값")+COUNTIF('A_Replicates_INCL'!HY6:HY6,"torque 범위 밖 참고값") | W15: =COUNTIF('A_Replicates_INCL'!HY6:HY6,"torque 상한 밖 참고값")+COUNTIF('A_Replicates_INCL'!HY6:HY6,"torque 범위 밖 참고값") | X15: =IF(P15=0,"",MIN('A_Replicates_INCL'!BW6:BW6)) | Y15: =IF(P15=0,"",MAX('A_Replicates_INCL'!BW6:BW6)) | Z15: =IF(P15=0,"",Y15-X15)
B16: A_DU_M | C16: A | D16: T2 | E16: =COUNT('A_Replicates'!BZ6:BZ6) | F16: =IF(E16=0,"",AVERAGE('A_Replicates'!BZ6:BZ6)) | G16: =IF(E16<2,"",STDEV('A_Replicates'!BZ6:BZ6)) | H16: =IF(E16<2,"",IF(G16=0,0,IF(ABS(F16)<G16,"N/A(|Mean|<SD)",G16/ABS(F16)*100))) | I16: =IF(E16=0,"",MIN('A_Replicates'!BZ6:BZ6)) | J16: =IF(E16=0,"",MAX('A_Replicates'!BZ6:BZ6)) | K16: =IF(E16=0,"",J16-I16) | L16: =IF(E16=0,"",SUMPRODUCT(ABS('A_Replicates'!BZ6:BZ6))/E16) | M16: =IF(E16=0,"",COUNTIF('A_Replicates'!BZ6:BZ6,">0")) | N16: =IF(E16=0,"",COUNTIF('A_Replicates'!BZ6:BZ6,"<0")) | O16: 'A_Replicates'!BZ6:BZ6 | P16: =COUNT('A_Replicates_INCL'!BZ6:BZ6) | Q16: =IF(P16=0,"",AVERAGE('A_Replicates_INCL'!BZ6:BZ6)) | R16: =IF(P16<2,"",STDEV('A_Replicates_INCL'!BZ6:BZ6)) | S16: =IF(OR(P16=0,E16=0),"",Q16-F16) | T16: =COUNT('A_Replicates_EXC'!N6:N6) | U16: =IF(T16=0,"",AVERAGE('A_Replicates_EXC'!N6:N6)) | V16: =COUNTIF('A_Replicates_INCL'!HZ6:HZ6,"torque 하한 밖 참고값")+COUNTIF('A_Replicates_INCL'!HZ6:HZ6,"torque 범위 밖 참고값") | W16: =COUNTIF('A_Replicates_INCL'!HZ6:HZ6,"torque 상한 밖 참고값")+COUNTIF('A_Replicates_INCL'!HZ6:HZ6,"torque 범위 밖 참고값") | X16: =IF(P16=0,"",MIN('A_Replicates_INCL'!BZ6:BZ6)) | Y16: =IF(P16=0,"",MAX('A_Replicates_INCL'!BZ6:BZ6)) | Z16: =IF(P16=0,"",Y16-X16)
B17: A_HYS_REL | C17: A | D17: T2 | E17: =COUNT('A_Replicates'!CC6:CC6) | F17: =IF(E17=0,"",AVERAGE('A_Replicates'!CC6:CC6)) | G17: =IF(E17<2,"",STDEV('A_Replicates'!CC6:CC6)) | H17: =IF(E17<2,"",IF(G17=0,0,IF(ABS(F17)<G17,"N/A(|Mean|<SD)",G17/ABS(F17)*100))) | I17: =IF(E17=0,"",MIN('A_Replicates'!CC6:CC6)) | J17: =IF(E17=0,"",MAX('A_Replicates'!CC6:CC6)) | K17: =IF(E17=0,"",J17-I17) | L17: =IF(E17=0,"",SUMPRODUCT(ABS('A_Replicates'!CC6:CC6))/E17) | M17: =IF(E17=0,"",COUNTIF('A_Replicates'!CC6:CC6,">0")) | N17: =IF(E17=0,"",COUNTIF('A_Replicates'!CC6:CC6,"<0")) | O17: 'A_Replicates'!CC6:CC6 | P17: =COUNT('A_Replicates_INCL'!CC6:CC6) | Q17: =IF(P17=0,"",AVERAGE('A_Replicates_INCL'!CC6:CC6)) | R17: =IF(P17<2,"",STDEV('A_Replicates_INCL'!CC6:CC6)) | S17: =IF(OR(P17=0,E17=0),"",Q17-F17) | T17: =COUNT('A_Replicates_EXC'!O6:O6) | U17: =IF(T17=0,"",AVERAGE('A_Replicates_EXC'!O6:O6)) | V17: =COUNTIF('A_Replicates_INCL'!IA6:IA6,"torque 하한 밖 참고값")+COUNTIF('A_Replicates_INCL'!IA6:IA6,"torque 범위 밖 참고값") | W17: =COUNTIF('A_Replicates_INCL'!IA6:IA6,"torque 상한 밖 참고값")+COUNTIF('A_Replicates_INCL'!IA6:IA6,"torque 범위 밖 참고값") | X17: =IF(P17=0,"",MIN('A_Replicates_INCL'!CC6:CC6)) | Y17: =IF(P17=0,"",MAX('A_Replicates_INCL'!CC6:CC6)) | Z17: =IF(P17=0,"",Y17-X17)
B18: A_BRK_PEAK | C18: A | D18: T2 | E18: =COUNT('A_Replicates'!CF6:CF6) | F18: =IF(E18=0,"",AVERAGE('A_Replicates'!CF6:CF6)) | G18: =IF(E18<2,"",STDEV('A_Replicates'!CF6:CF6)) | H18: =IF(E18<2,"","N/A(0 기준)") | I18: =IF(E18=0,"",MIN('A_Replicates'!CF6:CF6)) | J18: =IF(E18=0,"",MAX('A_Replicates'!CF6:CF6)) | K18: =IF(E18=0,"",J18-I18) | L18: =IF(E18=0,"",SUMPRODUCT(ABS('A_Replicates'!CF6:CF6))/E18) | M18: =IF(E18=0,"",COUNTIF('A_Replicates'!CF6:CF6,">0")) | N18: =IF(E18=0,"",COUNTIF('A_Replicates'!CF6:CF6,"<0")) | O18: 'A_Replicates'!CF6:CF6 | P18: =COUNT('A_Replicates_INCL'!CF6:CF6) | Q18: =IF(P18=0,"",AVERAGE('A_Replicates_INCL'!CF6:CF6)) | R18: =IF(P18<2,"",STDEV('A_Replicates_INCL'!CF6:CF6)) | S18: =IF(OR(P18=0,E18=0),"",Q18-F18) | T18: =COUNT('A_Replicates_EXC'!P6:P6) | U18: =IF(T18=0,"",AVERAGE('A_Replicates_EXC'!P6:P6)) | V18: =COUNTIF('A_Replicates_INCL'!IB6:IB6,"torque 하한 밖 참고값")+COUNTIF('A_Replicates_INCL'!IB6:IB6,"torque 범위 밖 참고값") | W18: =COUNTIF('A_Replicates_INCL'!IB6:IB6,"torque 상한 밖 참고값")+COUNTIF('A_Replicates_INCL'!IB6:IB6,"torque 범위 밖 참고값") | X18: =IF(P18=0,"",MIN('A_Replicates_INCL'!CF6:CF6)) | Y18: =IF(P18=0,"",MAX('A_Replicates_INCL'!CF6:CF6)) | Z18: =IF(P18=0,"",Y18-X18)
B19: A_STATIC_YIELD_APPROX_UP | C19: A | D19: T2 | E19: =COUNT('A_Replicates'!EB6:EB6) | F19: =IF(E19=0,"",AVERAGE('A_Replicates'!EB6:EB6)) | G19: =IF(E19<2,"",STDEV('A_Replicates'!EB6:EB6)) | H19: =IF(E19<2,"",IF(G19=0,0,IF(ABS(F19)<G19,"N/A(|Mean|<SD)",G19/ABS(F19)*100))) | I19: =IF(E19=0,"",MIN('A_Replicates'!EB6:EB6)) | J19: =IF(E19=0,"",MAX('A_Replicates'!EB6:EB6)) | K19: =IF(E19=0,"",J19-I19) | L19: =IF(E19=0,"",SUMPRODUCT(ABS('A_Replicates'!EB6:EB6))/E19) | M19: =IF(E19=0,"",COUNTIF('A_Replicates'!EB6:EB6,">0")) | N19: =IF(E19=0,"",COUNTIF('A_Replicates'!EB6:EB6,"<0")) | O19: 'A_Replicates'!EB6:EB6 | P19: =COUNT('A_Replicates_INCL'!EB6:EB6) | Q19: =IF(P19=0,"",AVERAGE('A_Replicates_INCL'!EB6:EB6)) | R19: =IF(P19<2,"",STDEV('A_Replicates_INCL'!EB6:EB6)) | S19: =IF(OR(P19=0,E19=0),"",Q19-F19) | T19: =COUNT('A_Replicates_EXC'!AF6:AF6) | U19: =IF(T19=0,"",AVERAGE('A_Replicates_EXC'!AF6:AF6)) | V19: =COUNTIF('A_Replicates_INCL'!IR6:IR6,"torque 하한 밖 참고값")+COUNTIF('A_Replicates_INCL'!IR6:IR6,"torque 범위 밖 참고값") | W19: =COUNTIF('A_Replicates_INCL'!IR6:IR6,"torque 상한 밖 참고값")+COUNTIF('A_Replicates_INCL'!IR6:IR6,"torque 범위 밖 참고값") | X19: =IF(P19=0,"",MIN('A_Replicates_INCL'!EB6:EB6)) | Y19: =IF(P19=0,"",MAX('A_Replicates_INCL'!EB6:EB6)) | Z19: =IF(P19=0,"",Y19-X19)
B20: A_POST_SHEAR_STARTUP_STRESS | C20: A | D20: T2 | E20: =COUNT('A_Replicates'!EE6:EE6) | F20: =IF(E20=0,"",AVERAGE('A_Replicates'!EE6:EE6)) | G20: =IF(E20<2,"",STDEV('A_Replicates'!EE6:EE6)) | H20: =IF(E20<2,"",IF(G20=0,0,IF(ABS(F20)<G20,"N/A(|Mean|<SD)",G20/ABS(F20)*100))) | I20: =IF(E20=0,"",MIN('A_Replicates'!EE6:EE6)) | J20: =IF(E20=0,"",MAX('A_Replicates'!EE6:EE6)) | K20: =IF(E20=0,"",J20-I20) | L20: =IF(E20=0,"",SUMPRODUCT(ABS('A_Replicates'!EE6:EE6))/E20) | M20: =IF(E20=0,"",COUNTIF('A_Replicates'!EE6:EE6,">0")) | N20: =IF(E20=0,"",COUNTIF('A_Replicates'!EE6:EE6,"<0")) | O20: 'A_Replicates'!EE6:EE6 | P20: =COUNT('A_Replicates_INCL'!EE6:EE6) | Q20: =IF(P20=0,"",AVERAGE('A_Replicates_INCL'!EE6:EE6)) | R20: =IF(P20<2,"",STDEV('A_Replicates_INCL'!EE6:EE6)) | S20: =IF(OR(P20=0,E20=0),"",Q20-F20) | T20: =COUNT('A_Replicates_EXC'!AG6:AG6) | U20: =IF(T20=0,"",AVERAGE('A_Replicates_EXC'!AG6:AG6)) | V20: =COUNTIF('A_Replicates_INCL'!IS6:IS6,"torque 하한 밖 참고값")+COUNTIF('A_Replicates_INCL'!IS6:IS6,"torque 범위 밖 참고값") | W20: =COUNTIF('A_Replicates_INCL'!IS6:IS6,"torque 상한 밖 참고값")+COUNTIF('A_Replicates_INCL'!IS6:IS6,"torque 범위 밖 참고값") | X20: =IF(P20=0,"",MIN('A_Replicates_INCL'!EE6:EE6)) | Y20: =IF(P20=0,"",MAX('A_Replicates_INCL'!EE6:EE6)) | Z20: =IF(P20=0,"",Y20-X20)
B21: A_POST_SHEAR_STRESS_RETENTION | C21: A | D21: T2 | E21: =COUNT('A_Replicates'!EH6:EH6) | F21: =IF(E21=0,"",AVERAGE('A_Replicates'!EH6:EH6)) | G21: =IF(E21<2,"",STDEV('A_Replicates'!EH6:EH6)) | H21: =IF(E21<2,"",IF(G21=0,0,IF(ABS(F21)<G21,"N/A(|Mean|<SD)",G21/ABS(F21)*100))) | I21: =IF(E21=0,"",MIN('A_Replicates'!EH6:EH6)) | J21: =IF(E21=0,"",MAX('A_Replicates'!EH6:EH6)) | K21: =IF(E21=0,"",J21-I21) | L21: =IF(E21=0,"",SUMPRODUCT(ABS('A_Replicates'!EH6:EH6))/E21) | M21: =IF(E21=0,"",COUNTIF('A_Replicates'!EH6:EH6,">0")) | N21: =IF(E21=0,"",COUNTIF('A_Replicates'!EH6:EH6,"<0")) | O21: 'A_Replicates'!EH6:EH6 | P21: =COUNT('A_Replicates_INCL'!EH6:EH6) | Q21: =IF(P21=0,"",AVERAGE('A_Replicates_INCL'!EH6:EH6)) | R21: =IF(P21<2,"",STDEV('A_Replicates_INCL'!EH6:EH6)) | S21: =IF(OR(P21=0,E21=0),"",Q21-F21) | T21: =COUNT('A_Replicates_EXC'!AH6:AH6) | U21: =IF(T21=0,"",AVERAGE('A_Replicates_EXC'!AH6:AH6)) | V21: =COUNTIF('A_Replicates_INCL'!IT6:IT6,"torque 하한 밖 참고값")+COUNTIF('A_Replicates_INCL'!IT6:IT6,"torque 범위 밖 참고값") | W21: =COUNTIF('A_Replicates_INCL'!IT6:IT6,"torque 상한 밖 참고값")+COUNTIF('A_Replicates_INCL'!IT6:IT6,"torque 범위 밖 참고값") | X21: =IF(P21=0,"",MIN('A_Replicates_INCL'!EH6:EH6)) | Y21: =IF(P21=0,"",MAX('A_Replicates_INCL'!EH6:EH6)) | Z21: =IF(P21=0,"",Y21-X21)
B22: A_ETA_RECOVERY_LOW | C22: A | D22: T2 | E22: =COUNT('A_Replicates'!EK6:EK6) | F22: =IF(E22=0,"",AVERAGE('A_Replicates'!EK6:EK6)) | G22: =IF(E22<2,"",STDEV('A_Replicates'!EK6:EK6)) | H22: =IF(E22<2,"",IF(G22=0,0,IF(ABS(F22)<G22,"N/A(|Mean|<SD)",G22/ABS(F22)*100))) | I22: =IF(E22=0,"",MIN('A_Replicates'!EK6:EK6)) | J22: =IF(E22=0,"",MAX('A_Replicates'!EK6:EK6)) | K22: =IF(E22=0,"",J22-I22) | L22: =IF(E22=0,"",SUMPRODUCT(ABS('A_Replicates'!EK6:EK6))/E22) | M22: =IF(E22=0,"",COUNTIF('A_Replicates'!EK6:EK6,">0")) | N22: =IF(E22=0,"",COUNTIF('A_Replicates'!EK6:EK6,"<0")) | O22: 'A_Replicates'!EK6:EK6 | P22: =COUNT('A_Replicates_INCL'!EK6:EK6) | Q22: =IF(P22=0,"",AVERAGE('A_Replicates_INCL'!EK6:EK6)) | R22: =IF(P22<2,"",STDEV('A_Replicates_INCL'!EK6:EK6)) | S22: =IF(OR(P22=0,E22=0),"",Q22-F22) | T22: =COUNT('A_Replicates_EXC'!AI6:AI6) | U22: =IF(T22=0,"",AVERAGE('A_Replicates_EXC'!AI6:AI6)) | V22: =COUNTIF('A_Replicates_INCL'!IU6:IU6,"torque 하한 밖 참고값")+COUNTIF('A_Replicates_INCL'!IU6:IU6,"torque 범위 밖 참고값") | W22: =COUNTIF('A_Replicates_INCL'!IU6:IU6,"torque 상한 밖 참고값")+COUNTIF('A_Replicates_INCL'!IU6:IU6,"torque 범위 밖 참고값") | X22: =IF(P22=0,"",MIN('A_Replicates_INCL'!EK6:EK6)) | Y22: =IF(P22=0,"",MAX('A_Replicates_INCL'!EK6:EK6)) | Z22: =IF(P22=0,"",Y22-X22)
B23: A_HYS_AREA_SIGNED | C23: A | D23: T2 | E23: =COUNT('A_Replicates'!EN6:EN6) | F23: =IF(E23=0,"",AVERAGE('A_Replicates'!EN6:EN6)) | G23: =IF(E23<2,"",STDEV('A_Replicates'!EN6:EN6)) | H23: =IF(E23<2,"","N/A(0 기준)") | I23: =IF(E23=0,"",MIN('A_Replicates'!EN6:EN6)) | J23: =IF(E23=0,"",MAX('A_Replicates'!EN6:EN6)) | K23: =IF(E23=0,"",J23-I23) | L23: =IF(E23=0,"",SUMPRODUCT(ABS('A_Replicates'!EN6:EN6))/E23) | M23: =IF(E23=0,"",COUNTIF('A_Replicates'!EN6:EN6,">0")) | N23: =IF(E23=0,"",COUNTIF('A_Replicates'!EN6:EN6,"<0")) | O23: 'A_Replicates'!EN6:EN6 | P23: =COUNT('A_Replicates_INCL'!EN6:EN6) | Q23: =IF(P23=0,"",AVERAGE('A_Replicates_INCL'!EN6:EN6)) | R23: =IF(P23<2,"",STDEV('A_Replicates_INCL'!EN6:EN6)) | S23: =IF(OR(P23=0,E23=0),"",Q23-F23) | T23: =COUNT('A_Replicates_EXC'!AJ6:AJ6) | U23: =IF(T23=0,"",AVERAGE('A_Replicates_EXC'!AJ6:AJ6)) | V23: =COUNTIF('A_Replicates_INCL'!IV6:IV6,"torque 하한 밖 참고값")+COUNTIF('A_Replicates_INCL'!IV6:IV6,"torque 범위 밖 참고값") | W23: =COUNTIF('A_Replicates_INCL'!IV6:IV6,"torque 상한 밖 참고값")+COUNTIF('A_Replicates_INCL'!IV6:IV6,"torque 범위 밖 참고값") | X23: =IF(P23=0,"",MIN('A_Replicates_INCL'!EN6:EN6)) | Y23: =IF(P23=0,"",MAX('A_Replicates_INCL'!EN6:EN6)) | Z23: =IF(P23=0,"",Y23-X23)
B24: A_HYS_AREA_ABS | C24: A | D24: T2 | E24: =COUNT('A_Replicates'!EQ6:EQ6) | F24: =IF(E24=0,"",AVERAGE('A_Replicates'!EQ6:EQ6)) | G24: =IF(E24<2,"",STDEV('A_Replicates'!EQ6:EQ6)) | H24: =IF(E24<2,"",IF(G24=0,0,IF(ABS(F24)<G24,"N/A(|Mean|<SD)",G24/ABS(F24)*100))) | I24: =IF(E24=0,"",MIN('A_Replicates'!EQ6:EQ6)) | J24: =IF(E24=0,"",MAX('A_Replicates'!EQ6:EQ6)) | K24: =IF(E24=0,"",J24-I24) | L24: =IF(E24=0,"",SUMPRODUCT(ABS('A_Replicates'!EQ6:EQ6))/E24) | M24: =IF(E24=0,"",COUNTIF('A_Replicates'!EQ6:EQ6,">0")) | N24: =IF(E24=0,"",COUNTIF('A_Replicates'!EQ6:EQ6,"<0")) | O24: 'A_Replicates'!EQ6:EQ6 | P24: =COUNT('A_Replicates_INCL'!EQ6:EQ6) | Q24: =IF(P24=0,"",AVERAGE('A_Replicates_INCL'!EQ6:EQ6)) | R24: =IF(P24<2,"",STDEV('A_Replicates_INCL'!EQ6:EQ6)) | S24: =IF(OR(P24=0,E24=0),"",Q24-F24) | T24: =COUNT('A_Replicates_EXC'!AK6:AK6) | U24: =IF(T24=0,"",AVERAGE('A_Replicates_EXC'!AK6:AK6)) | V24: =COUNTIF('A_Replicates_INCL'!IW6:IW6,"torque 하한 밖 참고값")+COUNTIF('A_Replicates_INCL'!IW6:IW6,"torque 범위 밖 참고값") | W24: =COUNTIF('A_Replicates_INCL'!IW6:IW6,"torque 상한 밖 참고값")+COUNTIF('A_Replicates_INCL'!IW6:IW6,"torque 범위 밖 참고값") | X24: =IF(P24=0,"",MIN('A_Replicates_INCL'!EQ6:EQ6)) | Y24: =IF(P24=0,"",MAX('A_Replicates_INCL'!EQ6:EQ6)) | Z24: =IF(P24=0,"",Y24-X24)
B25: B_ETA_BASE | C25: B | D25: T2 | E25: 0 | F25: ="" | G25: ="" | H25: ="" | I25: ="" | J25: ="" | K25: ="" | L25: ="" | M25: ="" | N25: ="" | O25: 반복 데이터 없음 | P25: 0 | Q25: ="" | R25: ="" | S25: ="" | T25: 0 | U25: ="" | V25: ="" | W25: =""
B26: B_BRK_DECAY | C26: B | D26: T2 | E26: 0 | F26: ="" | G26: ="" | H26: ="" | I26: ="" | J26: ="" | K26: ="" | L26: ="" | M26: ="" | N26: ="" | O26: 반복 데이터 없음 | P26: 0 | Q26: ="" | R26: ="" | S26: ="" | T26: 0 | U26: ="" | V26: ="" | W26: =""
B27: B_R60 | C27: B | D27: T2 | E27: 0 | F27: ="" | G27: ="" | H27: ="" | I27: ="" | J27: ="" | K27: ="" | L27: ="" | M27: ="" | N27: ="" | O27: 반복 데이터 없음 | P27: 0 | Q27: ="" | R27: ="" | S27: ="" | T27: 0 | U27: ="" | V27: ="" | W27: =""
B28: B_R300 | C28: B | D28: T2 | E28: 0 | F28: ="" | G28: ="" | H28: ="" | I28: ="" | J28: ="" | K28: ="" | L28: ="" | M28: ="" | N28: ="" | O28: 반복 데이터 없음 | P28: 0 | Q28: ="" | R28: ="" | S28: ="" | T28: 0 | U28: ="" | V28: ="" | W28: =""
B29: B_T90 | C29: B | D29: T2 | E29: 0 | F29: ="" | G29: ="" | H29: ="" | I29: ="" | J29: ="" | K29: ="" | L29: ="" | M29: ="" | N29: ="" | O29: 반복 데이터 없음 | P29: 0 | Q29: ="" | R29: ="" | S29: ="" | T29: 0 | U29: ="" | V29: ="" | W29: =""
B30: A_HB_TAUY_UP | C30: A | D30: T3 | E30: =COUNT('A_Replicates'!CI6:CI6) | F30: =IF(E30=0,"",AVERAGE('A_Replicates'!CI6:CI6)) | G30: =IF(E30<2,"",STDEV('A_Replicates'!CI6:CI6)) | H30: =IF(E30<2,"",IF(G30=0,0,IF(ABS(F30)<G30,"N/A(|Mean|<SD)",G30/ABS(F30)*100))) | I30: =IF(E30=0,"",MIN('A_Replicates'!CI6:CI6)) | J30: =IF(E30=0,"",MAX('A_Replicates'!CI6:CI6)) | K30: =IF(E30=0,"",J30-I30) | L30: =IF(E30=0,"",SUMPRODUCT(ABS('A_Replicates'!CI6:CI6))/E30) | M30: =IF(E30=0,"",COUNTIF('A_Replicates'!CI6:CI6,">0")) | N30: =IF(E30=0,"",COUNTIF('A_Replicates'!CI6:CI6,"<0")) | O30: 'A_Replicates'!CI6:CI6 | P30: =COUNT('A_Replicates_INCL'!CI6:CI6) | Q30: =IF(P30=0,"",AVERAGE('A_Replicates_INCL'!CI6:CI6)) | R30: =IF(P30<2,"",STDEV('A_Replicates_INCL'!CI6:CI6)) | S30: =IF(OR(P30=0,E30=0),"",Q30-F30) | T30: =COUNT('A_Replicates_EXC'!Q6:Q6) | U30: =IF(T30=0,"",AVERAGE('A_Replicates_EXC'!Q6:Q6)) | V30: =COUNTIF('A_Replicates_INCL'!IC6:IC6,"torque 하한 밖 참고값")+COUNTIF('A_Replicates_INCL'!IC6:IC6,"torque 범위 밖 참고값") | W30: =COUNTIF('A_Replicates_INCL'!IC6:IC6,"torque 상한 밖 참고값")+COUNTIF('A_Replicates_INCL'!IC6:IC6,"torque 범위 밖 참고값") | X30: =IF(P30=0,"",MIN('A_Replicates_INCL'!CI6:CI6)) | Y30: =IF(P30=0,"",MAX('A_Replicates_INCL'!CI6:CI6)) | Z30: =IF(P30=0,"",Y30-X30)
B31: A_HB_K_UP | C31: A | D31: T3 | E31: =COUNT('A_Replicates'!CL6:CL6) | F31: =IF(E31=0,"",AVERAGE('A_Replicates'!CL6:CL6)) | G31: =IF(E31<2,"",STDEV('A_Replicates'!CL6:CL6)) | H31: =IF(E31<2,"",IF(G31=0,0,IF(ABS(F31)<G31,"N/A(|Mean|<SD)",G31/ABS(F31)*100))) | I31: =IF(E31=0,"",MIN('A_Replicates'!CL6:CL6)) | J31: =IF(E31=0,"",MAX('A_Replicates'!CL6:CL6)) | K31: =IF(E31=0,"",J31-I31) | L31: =IF(E31=0,"",SUMPRODUCT(ABS('A_Replicates'!CL6:CL6))/E31) | M31: =IF(E31=0,"",COUNTIF('A_Replicates'!CL6:CL6,">0")) | N31: =IF(E31=0,"",COUNTIF('A_Replicates'!CL6:CL6,"<0")) | O31: 'A_Replicates'!CL6:CL6 | P31: =COUNT('A_Replicates_INCL'!CL6:CL6) | Q31: =IF(P31=0,"",AVERAGE('A_Replicates_INCL'!CL6:CL6)) | R31: =IF(P31<2,"",STDEV('A_Replicates_INCL'!CL6:CL6)) | S31: =IF(OR(P31=0,E31=0),"",Q31-F31) | T31: =COUNT('A_Replicates_EXC'!R6:R6) | U31: =IF(T31=0,"",AVERAGE('A_Replicates_EXC'!R6:R6)) | V31: =COUNTIF('A_Replicates_INCL'!ID6:ID6,"torque 하한 밖 참고값")+COUNTIF('A_Replicates_INCL'!ID6:ID6,"torque 범위 밖 참고값") | W31: =COUNTIF('A_Replicates_INCL'!ID6:ID6,"torque 상한 밖 참고값")+COUNTIF('A_Replicates_INCL'!ID6:ID6,"torque 범위 밖 참고값") | X31: =IF(P31=0,"",MIN('A_Replicates_INCL'!CL6:CL6)) | Y31: =IF(P31=0,"",MAX('A_Replicates_INCL'!CL6:CL6)) | Z31: =IF(P31=0,"",Y31-X31)
B32: A_HB_N_UP | C32: A | D32: T3 | E32: =COUNT('A_Replicates'!CO6:CO6) | F32: =IF(E32=0,"",AVERAGE('A_Replicates'!CO6:CO6)) | G32: =IF(E32<2,"",STDEV('A_Replicates'!CO6:CO6)) | H32: =IF(E32<2,"",IF(G32=0,0,IF(ABS(F32)<G32,"N/A(|Mean|<SD)",G32/ABS(F32)*100))) | I32: =IF(E32=0,"",MIN('A_Replicates'!CO6:CO6)) | J32: =IF(E32=0,"",MAX('A_Replicates'!CO6:CO6)) | K32: =IF(E32=0,"",J32-I32) | L32: =IF(E32=0,"",SUMPRODUCT(ABS('A_Replicates'!CO6:CO6))/E32) | M32: =IF(E32=0,"",COUNTIF('A_Replicates'!CO6:CO6,">0")) | N32: =IF(E32=0,"",COUNTIF('A_Replicates'!CO6:CO6,"<0")) | O32: 'A_Replicates'!CO6:CO6 | P32: =COUNT('A_Replicates_INCL'!CO6:CO6) | Q32: =IF(P32=0,"",AVERAGE('A_Replicates_INCL'!CO6:CO6)) | R32: =IF(P32<2,"",STDEV('A_Replicates_INCL'!CO6:CO6)) | S32: =IF(OR(P32=0,E32=0),"",Q32-F32) | T32: =COUNT('A_Replicates_EXC'!S6:S6) | U32: =IF(T32=0,"",AVERAGE('A_Replicates_EXC'!S6:S6)) | V32: =COUNTIF('A_Replicates_INCL'!IE6:IE6,"torque 하한 밖 참고값")+COUNTIF('A_Replicates_INCL'!IE6:IE6,"torque 범위 밖 참고값") | W32: =COUNTIF('A_Replicates_INCL'!IE6:IE6,"torque 상한 밖 참고값")+COUNTIF('A_Replicates_INCL'!IE6:IE6,"torque 범위 밖 참고값") | X32: =IF(P32=0,"",MIN('A_Replicates_INCL'!CO6:CO6)) | Y32: =IF(P32=0,"",MAX('A_Replicates_INCL'!CO6:CO6)) | Z32: =IF(P32=0,"",Y32-X32)
B33: A_HB_R2_UP | C33: A | D33: T3 | E33: =COUNT('A_Replicates'!CR6:CR6) | F33: =IF(E33=0,"",AVERAGE('A_Replicates'!CR6:CR6)) | G33: =IF(E33<2,"",STDEV('A_Replicates'!CR6:CR6)) | H33: =IF(E33<2,"",IF(G33=0,0,IF(ABS(F33)<G33,"N/A(|Mean|<SD)",G33/ABS(F33)*100))) | I33: =IF(E33=0,"",MIN('A_Replicates'!CR6:CR6)) | J33: =IF(E33=0,"",MAX('A_Replicates'!CR6:CR6)) | K33: =IF(E33=0,"",J33-I33) | L33: =IF(E33=0,"",SUMPRODUCT(ABS('A_Replicates'!CR6:CR6))/E33) | M33: =IF(E33=0,"",COUNTIF('A_Replicates'!CR6:CR6,">0")) | N33: =IF(E33=0,"",COUNTIF('A_Replicates'!CR6:CR6,"<0")) | O33: 'A_Replicates'!CR6:CR6 | P33: =COUNT('A_Replicates_INCL'!CR6:CR6) | Q33: =IF(P33=0,"",AVERAGE('A_Replicates_INCL'!CR6:CR6)) | R33: =IF(P33<2,"",STDEV('A_Replicates_INCL'!CR6:CR6)) | S33: =IF(OR(P33=0,E33=0),"",Q33-F33) | T33: =COUNT('A_Replicates_EXC'!T6:T6) | U33: =IF(T33=0,"",AVERAGE('A_Replicates_EXC'!T6:T6)) | V33: =COUNTIF('A_Replicates_INCL'!IF6:IF6,"torque 하한 밖 참고값")+COUNTIF('A_Replicates_INCL'!IF6:IF6,"torque 범위 밖 참고값") | W33: =COUNTIF('A_Replicates_INCL'!IF6:IF6,"torque 상한 밖 참고값")+COUNTIF('A_Replicates_INCL'!IF6:IF6,"torque 범위 밖 참고값") | X33: =IF(P33=0,"",MIN('A_Replicates_INCL'!CR6:CR6)) | Y33: =IF(P33=0,"",MAX('A_Replicates_INCL'!CR6:CR6)) | Z33: =IF(P33=0,"",Y33-X33)
B34: A_HB_R2_DN | C34: A | D34: T3 | E34: =COUNT('A_Replicates'!CU6:CU6) | F34: =IF(E34=0,"",AVERAGE('A_Replicates'!CU6:CU6)) | G34: =IF(E34<2,"",STDEV('A_Replicates'!CU6:CU6)) | H34: =IF(E34<2,"",IF(G34=0,0,IF(ABS(F34)<G34,"N/A(|Mean|<SD)",G34/ABS(F34)*100))) | I34: =IF(E34=0,"",MIN('A_Replicates'!CU6:CU6)) | J34: =IF(E34=0,"",MAX('A_Replicates'!CU6:CU6)) | K34: =IF(E34=0,"",J34-I34) | L34: =IF(E34=0,"",SUMPRODUCT(ABS('A_Replicates'!CU6:CU6))/E34) | M34: =IF(E34=0,"",COUNTIF('A_Replicates'!CU6:CU6,">0")) | N34: =IF(E34=0,"",COUNTIF('A_Replicates'!CU6:CU6,"<0")) | O34: 'A_Replicates'!CU6:CU6 | P34: =COUNT('A_Replicates_INCL'!CU6:CU6) | Q34: =IF(P34=0,"",AVERAGE('A_Replicates_INCL'!CU6:CU6)) | R34: =IF(P34<2,"",STDEV('A_Replicates_INCL'!CU6:CU6)) | S34: =IF(OR(P34=0,E34=0),"",Q34-F34) | T34: =COUNT('A_Replicates_EXC'!U6:U6) | U34: =IF(T34=0,"",AVERAGE('A_Replicates_EXC'!U6:U6)) | V34: =COUNTIF('A_Replicates_INCL'!IG6:IG6,"torque 하한 밖 참고값")+COUNTIF('A_Replicates_INCL'!IG6:IG6,"torque 범위 밖 참고값") | W34: =COUNTIF('A_Replicates_INCL'!IG6:IG6,"torque 상한 밖 참고값")+COUNTIF('A_Replicates_INCL'!IG6:IG6,"torque 범위 밖 참고값") | X34: =IF(P34=0,"",MIN('A_Replicates_INCL'!CU6:CU6)) | Y34: =IF(P34=0,"",MAX('A_Replicates_INCL'!CU6:CU6)) | Z34: =IF(P34=0,"",Y34-X34)
B35: A_HB_TAUY_DN | C35: A | D35: T3 | E35: =COUNT('A_Replicates'!CX6:CX6) | F35: =IF(E35=0,"",AVERAGE('A_Replicates'!CX6:CX6)) | G35: =IF(E35<2,"",STDEV('A_Replicates'!CX6:CX6)) | H35: =IF(E35<2,"",IF(G35=0,0,IF(ABS(F35)<G35,"N/A(|Mean|<SD)",G35/ABS(F35)*100))) | I35: =IF(E35=0,"",MIN('A_Replicates'!CX6:CX6)) | J35: =IF(E35=0,"",MAX('A_Replicates'!CX6:CX6)) | K35: =IF(E35=0,"",J35-I35) | L35: =IF(E35=0,"",SUMPRODUCT(ABS('A_Replicates'!CX6:CX6))/E35) | M35: =IF(E35=0,"",COUNTIF('A_Replicates'!CX6:CX6,">0")) | N35: =IF(E35=0,"",COUNTIF('A_Replicates'!CX6:CX6,"<0")) | O35: 'A_Replicates'!CX6:CX6 | P35: =COUNT('A_Replicates_INCL'!CX6:CX6) | Q35: =IF(P35=0,"",AVERAGE('A_Replicates_INCL'!CX6:CX6)) | R35: =IF(P35<2,"",STDEV('A_Replicates_INCL'!CX6:CX6)) | S35: =IF(OR(P35=0,E35=0),"",Q35-F35) | T35: =COUNT('A_Replicates_EXC'!V6:V6) | U35: =IF(T35=0,"",AVERAGE('A_Replicates_EXC'!V6:V6)) | V35: =COUNTIF('A_Replicates_INCL'!IH6:IH6,"torque 하한 밖 참고값")+COUNTIF('A_Replicates_INCL'!IH6:IH6,"torque 범위 밖 참고값") | W35: =COUNTIF('A_Replicates_INCL'!IH6:IH6,"torque 상한 밖 참고값")+COUNTIF('A_Replicates_INCL'!IH6:IH6,"torque 범위 밖 참고값") | X35: =IF(P35=0,"",MIN('A_Replicates_INCL'!CX6:CX6)) | Y35: =IF(P35=0,"",MAX('A_Replicates_INCL'!CX6:CX6)) | Z35: =IF(P35=0,"",Y35-X35)
B36: A_HB_K_DN | C36: A | D36: T3 | E36: =COUNT('A_Replicates'!DA6:DA6) | F36: =IF(E36=0,"",AVERAGE('A_Replicates'!DA6:DA6)) | G36: =IF(E36<2,"",STDEV('A_Replicates'!DA6:DA6)) | H36: =IF(E36<2,"",IF(G36=0,0,IF(ABS(F36)<G36,"N/A(|Mean|<SD)",G36/ABS(F36)*100))) | I36: =IF(E36=0,"",MIN('A_Replicates'!DA6:DA6)) | J36: =IF(E36=0,"",MAX('A_Replicates'!DA6:DA6)) | K36: =IF(E36=0,"",J36-I36) | L36: =IF(E36=0,"",SUMPRODUCT(ABS('A_Replicates'!DA6:DA6))/E36) | M36: =IF(E36=0,"",COUNTIF('A_Replicates'!DA6:DA6,">0")) | N36: =IF(E36=0,"",COUNTIF('A_Replicates'!DA6:DA6,"<0")) | O36: 'A_Replicates'!DA6:DA6 | P36: =COUNT('A_Replicates_INCL'!DA6:DA6) | Q36: =IF(P36=0,"",AVERAGE('A_Replicates_INCL'!DA6:DA6)) | R36: =IF(P36<2,"",STDEV('A_Replicates_INCL'!DA6:DA6)) | S36: =IF(OR(P36=0,E36=0),"",Q36-F36) | T36: =COUNT('A_Replicates_EXC'!W6:W6) | U36: =IF(T36=0,"",AVERAGE('A_Replicates_EXC'!W6:W6)) | V36: =COUNTIF('A_Replicates_INCL'!II6:II6,"torque 하한 밖 참고값")+COUNTIF('A_Replicates_INCL'!II6:II6,"torque 범위 밖 참고값") | W36: =COUNTIF('A_Replicates_INCL'!II6:II6,"torque 상한 밖 참고값")+COUNTIF('A_Replicates_INCL'!II6:II6,"torque 범위 밖 참고값") | X36: =IF(P36=0,"",MIN('A_Replicates_INCL'!DA6:DA6)) | Y36: =IF(P36=0,"",MAX('A_Replicates_INCL'!DA6:DA6)) | Z36: =IF(P36=0,"",Y36-X36)
B37: A_HB_N_DN | C37: A | D37: T3 | E37: =COUNT('A_Replicates'!DD6:DD6) | F37: =IF(E37=0,"",AVERAGE('A_Replicates'!DD6:DD6)) | G37: =IF(E37<2,"",STDEV('A_Replicates'!DD6:DD6)) | H37: =IF(E37<2,"",IF(G37=0,0,IF(ABS(F37)<G37,"N/A(|Mean|<SD)",G37/ABS(F37)*100))) | I37: =IF(E37=0,"",MIN('A_Replicates'!DD6:DD6)) | J37: =IF(E37=0,"",MAX('A_Replicates'!DD6:DD6)) | K37: =IF(E37=0,"",J37-I37) | L37: =IF(E37=0,"",SUMPRODUCT(ABS('A_Replicates'!DD6:DD6))/E37) | M37: =IF(E37=0,"",COUNTIF('A_Replicates'!DD6:DD6,">0")) | N37: =IF(E37=0,"",COUNTIF('A_Replicates'!DD6:DD6,"<0")) | O37: 'A_Replicates'!DD6:DD6 | P37: =COUNT('A_Replicates_INCL'!DD6:DD6) | Q37: =IF(P37=0,"",AVERAGE('A_Replicates_INCL'!DD6:DD6)) | R37: =IF(P37<2,"",STDEV('A_Replicates_INCL'!DD6:DD6)) | S37: =IF(OR(P37=0,E37=0),"",Q37-F37) | T37: =COUNT('A_Replicates_EXC'!X6:X6) | U37: =IF(T37=0,"",AVERAGE('A_Replicates_EXC'!X6:X6)) | V37: =COUNTIF('A_Replicates_INCL'!IJ6:IJ6,"torque 하한 밖 참고값")+COUNTIF('A_Replicates_INCL'!IJ6:IJ6,"torque 범위 밖 참고값") | W37: =COUNTIF('A_Replicates_INCL'!IJ6:IJ6,"torque 상한 밖 참고값")+COUNTIF('A_Replicates_INCL'!IJ6:IJ6,"torque 범위 밖 참고값") | X37: =IF(P37=0,"",MIN('A_Replicates_INCL'!DD6:DD6)) | Y37: =IF(P37=0,"",MAX('A_Replicates_INCL'!DD6:DD6)) | Z37: =IF(P37=0,"",Y37-X37)
B38: A_HB_TAUY_RATIO | C38: A | D38: T3 | E38: =COUNT('A_Replicates'!DG6:DG6) | F38: =IF(E38=0,"",AVERAGE('A_Replicates'!DG6:DG6)) | G38: =IF(E38<2,"",STDEV('A_Replicates'!DG6:DG6)) | H38: =IF(E38<2,"",IF(G38=0,0,IF(ABS(F38)<G38,"N/A(|Mean|<SD)",G38/ABS(F38)*100))) | I38: =IF(E38=0,"",MIN('A_Replicates'!DG6:DG6)) | J38: =IF(E38=0,"",MAX('A_Replicates'!DG6:DG6)) | K38: =IF(E38=0,"",J38-I38) | L38: =IF(E38=0,"",SUMPRODUCT(ABS('A_Replicates'!DG6:DG6))/E38) | M38: =IF(E38=0,"",COUNTIF('A_Replicates'!DG6:DG6,">0")) | N38: =IF(E38=0,"",COUNTIF('A_Replicates'!DG6:DG6,"<0")) | O38: 'A_Replicates'!DG6:DG6 | P38: =COUNT('A_Replicates_INCL'!DG6:DG6) | Q38: =IF(P38=0,"",AVERAGE('A_Replicates_INCL'!DG6:DG6)) | R38: =IF(P38<2,"",STDEV('A_Replicates_INCL'!DG6:DG6)) | S38: =IF(OR(P38=0,E38=0),"",Q38-F38) | T38: =COUNT('A_Replicates_EXC'!Y6:Y6) | U38: =IF(T38=0,"",AVERAGE('A_Replicates_EXC'!Y6:Y6)) | V38: =COUNTIF('A_Replicates_INCL'!IK6:IK6,"torque 하한 밖 참고값")+COUNTIF('A_Replicates_INCL'!IK6:IK6,"torque 범위 밖 참고값") | W38: =COUNTIF('A_Replicates_INCL'!IK6:IK6,"torque 상한 밖 참고값")+COUNTIF('A_Replicates_INCL'!IK6:IK6,"torque 범위 밖 참고값") | X38: =IF(P38=0,"",MIN('A_Replicates_INCL'!DG6:DG6)) | Y38: =IF(P38=0,"",MAX('A_Replicates_INCL'!DG6:DG6)) | Z38: =IF(P38=0,"",Y38-X38)
B39: A_HDI | C39: A | D39: T3 | E39: =COUNT('A_Replicates'!DJ6:DJ6) | F39: =IF(E39=0,"",AVERAGE('A_Replicates'!DJ6:DJ6)) | G39: =IF(E39<2,"",STDEV('A_Replicates'!DJ6:DJ6)) | H39: =IF(E39<2,"",IF(G39=0,0,IF(ABS(F39)<G39,"N/A(|Mean|<SD)",G39/ABS(F39)*100))) | I39: =IF(E39=0,"",MIN('A_Replicates'!DJ6:DJ6)) | J39: =IF(E39=0,"",MAX('A_Replicates'!DJ6:DJ6)) | K39: =IF(E39=0,"",J39-I39) | L39: =IF(E39=0,"",SUMPRODUCT(ABS('A_Replicates'!DJ6:DJ6))/E39) | M39: =IF(E39=0,"",COUNTIF('A_Replicates'!DJ6:DJ6,">0")) | N39: =IF(E39=0,"",COUNTIF('A_Replicates'!DJ6:DJ6,"<0")) | O39: 'A_Replicates'!DJ6:DJ6 | P39: =COUNT('A_Replicates_INCL'!DJ6:DJ6) | Q39: =IF(P39=0,"",AVERAGE('A_Replicates_INCL'!DJ6:DJ6)) | R39: =IF(P39<2,"",STDEV('A_Replicates_INCL'!DJ6:DJ6)) | S39: =IF(OR(P39=0,E39=0),"",Q39-F39) | T39: =COUNT('A_Replicates_EXC'!Z6:Z6) | U39: =IF(T39=0,"",AVERAGE('A_Replicates_EXC'!Z6:Z6)) | V39: =COUNTIF('A_Replicates_INCL'!IL6:IL6,"torque 하한 밖 참고값")+COUNTIF('A_Replicates_INCL'!IL6:IL6,"torque 범위 밖 참고값") | W39: =COUNTIF('A_Replicates_INCL'!IL6:IL6,"torque 상한 밖 참고값")+COUNTIF('A_Replicates_INCL'!IL6:IL6,"torque 범위 밖 참고값") | X39: =IF(P39=0,"",MIN('A_Replicates_INCL'!DJ6:DJ6)) | Y39: =IF(P39=0,"",MAX('A_Replicates_INCL'!DJ6:DJ6)) | Z39: =IF(P39=0,"",Y39-X39)
B40: A_OVS_L | C40: A | D40: T3 | E40: =COUNT('A_Replicates'!DM6:DM6) | F40: =IF(E40=0,"",AVERAGE('A_Replicates'!DM6:DM6)) | G40: =IF(E40<2,"",STDEV('A_Replicates'!DM6:DM6)) | H40: =IF(E40<2,"","N/A(0 기준)") | I40: =IF(E40=0,"",MIN('A_Replicates'!DM6:DM6)) | J40: =IF(E40=0,"",MAX('A_Replicates'!DM6:DM6)) | K40: =IF(E40=0,"",J40-I40) | L40: =IF(E40=0,"",SUMPRODUCT(ABS('A_Replicates'!DM6:DM6))/E40) | M40: =IF(E40=0,"",COUNTIF('A_Replicates'!DM6:DM6,">0")) | N40: =IF(E40=0,"",COUNTIF('A_Replicates'!DM6:DM6,"<0")) | O40: 'A_Replicates'!DM6:DM6 | P40: =COUNT('A_Replicates_INCL'!DM6:DM6) | Q40: =IF(P40=0,"",AVERAGE('A_Replicates_INCL'!DM6:DM6)) | R40: =IF(P40<2,"",STDEV('A_Replicates_INCL'!DM6:DM6)) | S40: =IF(OR(P40=0,E40=0),"",Q40-F40) | T40: =COUNT('A_Replicates_EXC'!AA6:AA6) | U40: =IF(T40=0,"",AVERAGE('A_Replicates_EXC'!AA6:AA6)) | V40: =COUNTIF('A_Replicates_INCL'!IM6:IM6,"torque 하한 밖 참고값")+COUNTIF('A_Replicates_INCL'!IM6:IM6,"torque 범위 밖 참고값") | W40: =COUNTIF('A_Replicates_INCL'!IM6:IM6,"torque 상한 밖 참고값")+COUNTIF('A_Replicates_INCL'!IM6:IM6,"torque 범위 밖 참고값") | X40: =IF(P40=0,"",MIN('A_Replicates_INCL'!DM6:DM6)) | Y40: =IF(P40=0,"",MAX('A_Replicates_INCL'!DM6:DM6)) | Z40: =IF(P40=0,"",Y40-X40)
B41: A_HB_GRANGE | C41: A | D41: T3 | E41: =COUNT('A_Replicates'!DP6:DP6) | F41: =IF(E41=0,"",AVERAGE('A_Replicates'!DP6:DP6)) | G41: =IF(E41<2,"",STDEV('A_Replicates'!DP6:DP6)) | H41: =IF(E41<2,"",IF(G41=0,0,IF(ABS(F41)<G41,"N/A(|Mean|<SD)",G41/ABS(F41)*100))) | I41: =IF(E41=0,"",MIN('A_Replicates'!DP6:DP6)) | J41: =IF(E41=0,"",MAX('A_Replicates'!DP6:DP6)) | K41: =IF(E41=0,"",J41-I41) | L41: =IF(E41=0,"",SUMPRODUCT(ABS('A_Replicates'!DP6:DP6))/E41) | M41: =IF(E41=0,"",COUNTIF('A_Replicates'!DP6:DP6,">0")) | N41: =IF(E41=0,"",COUNTIF('A_Replicates'!DP6:DP6,"<0")) | O41: 'A_Replicates'!DP6:DP6 | P41: =COUNT('A_Replicates_INCL'!DP6:DP6) | Q41: =IF(P41=0,"",AVERAGE('A_Replicates_INCL'!DP6:DP6)) | R41: =IF(P41<2,"",STDEV('A_Replicates_INCL'!DP6:DP6)) | S41: =IF(OR(P41=0,E41=0),"",Q41-F41) | T41: =COUNT('A_Replicates_EXC'!AB6:AB6) | U41: =IF(T41=0,"",AVERAGE('A_Replicates_EXC'!AB6:AB6)) | V41: =COUNTIF('A_Replicates_INCL'!IN6:IN6,"torque 하한 밖 참고값")+COUNTIF('A_Replicates_INCL'!IN6:IN6,"torque 범위 밖 참고값") | W41: =COUNTIF('A_Replicates_INCL'!IN6:IN6,"torque 상한 밖 참고값")+COUNTIF('A_Replicates_INCL'!IN6:IN6,"torque 범위 밖 참고값") | X41: =IF(P41=0,"",MIN('A_Replicates_INCL'!DP6:DP6)) | Y41: =IF(P41=0,"",MAX('A_Replicates_INCL'!DP6:DP6)) | Z41: =IF(P41=0,"",Y41-X41)
B42: A_HB_K_RATIO | C42: A | D42: T3 | E42: =COUNT('A_Replicates'!ET6:ET6) | F42: =IF(E42=0,"",AVERAGE('A_Replicates'!ET6:ET6)) | G42: =IF(E42<2,"",STDEV('A_Replicates'!ET6:ET6)) | H42: =IF(E42<2,"",IF(G42=0,0,IF(ABS(F42)<G42,"N/A(|Mean|<SD)",G42/ABS(F42)*100))) | I42: =IF(E42=0,"",MIN('A_Replicates'!ET6:ET6)) | J42: =IF(E42=0,"",MAX('A_Replicates'!ET6:ET6)) | K42: =IF(E42=0,"",J42-I42) | L42: =IF(E42=0,"",SUMPRODUCT(ABS('A_Replicates'!ET6:ET6))/E42) | M42: =IF(E42=0,"",COUNTIF('A_Replicates'!ET6:ET6,">0")) | N42: =IF(E42=0,"",COUNTIF('A_Replicates'!ET6:ET6,"<0")) | O42: 'A_Replicates'!ET6:ET6 | P42: =COUNT('A_Replicates_INCL'!ET6:ET6) | Q42: =IF(P42=0,"",AVERAGE('A_Replicates_INCL'!ET6:ET6)) | R42: =IF(P42<2,"",STDEV('A_Replicates_INCL'!ET6:ET6)) | S42: =IF(OR(P42=0,E42=0),"",Q42-F42) | T42: =COUNT('A_Replicates_EXC'!AL6:AL6) | U42: =IF(T42=0,"",AVERAGE('A_Replicates_EXC'!AL6:AL6)) | V42: =COUNTIF('A_Replicates_INCL'!IX6:IX6,"torque 하한 밖 참고값")+COUNTIF('A_Replicates_INCL'!IX6:IX6,"torque 범위 밖 참고값") | W42: =COUNTIF('A_Replicates_INCL'!IX6:IX6,"torque 상한 밖 참고값")+COUNTIF('A_Replicates_INCL'!IX6:IX6,"torque 범위 밖 참고값") | X42: =IF(P42=0,"",MIN('A_Replicates_INCL'!ET6:ET6)) | Y42: =IF(P42=0,"",MAX('A_Replicates_INCL'!ET6:ET6)) | Z42: =IF(P42=0,"",Y42-X42)
B43: A_HB_N_DIFF | C43: A | D43: T3 | E43: =COUNT('A_Replicates'!EW6:EW6) | F43: =IF(E43=0,"",AVERAGE('A_Replicates'!EW6:EW6)) | G43: =IF(E43<2,"",STDEV('A_Replicates'!EW6:EW6)) | H43: =IF(E43<2,"",IF(G43=0,0,IF(ABS(F43)<G43,"N/A(|Mean|<SD)",G43/ABS(F43)*100))) | I43: =IF(E43=0,"",MIN('A_Replicates'!EW6:EW6)) | J43: =IF(E43=0,"",MAX('A_Replicates'!EW6:EW6)) | K43: =IF(E43=0,"",J43-I43) | L43: =IF(E43=0,"",SUMPRODUCT(ABS('A_Replicates'!EW6:EW6))/E43) | M43: =IF(E43=0,"",COUNTIF('A_Replicates'!EW6:EW6,">0")) | N43: =IF(E43=0,"",COUNTIF('A_Replicates'!EW6:EW6,"<0")) | O43: 'A_Replicates'!EW6:EW6 | P43: =COUNT('A_Replicates_INCL'!EW6:EW6) | Q43: =IF(P43=0,"",AVERAGE('A_Replicates_INCL'!EW6:EW6)) | R43: =IF(P43<2,"",STDEV('A_Replicates_INCL'!EW6:EW6)) | S43: =IF(OR(P43=0,E43=0),"",Q43-F43) | T43: =COUNT('A_Replicates_EXC'!AM6:AM6) | U43: =IF(T43=0,"",AVERAGE('A_Replicates_EXC'!AM6:AM6)) | V43: =COUNTIF('A_Replicates_INCL'!IY6:IY6,"torque 하한 밖 참고값")+COUNTIF('A_Replicates_INCL'!IY6:IY6,"torque 범위 밖 참고값") | W43: =COUNTIF('A_Replicates_INCL'!IY6:IY6,"torque 상한 밖 참고값")+COUNTIF('A_Replicates_INCL'!IY6:IY6,"torque 범위 밖 참고값") | X43: =IF(P43=0,"",MIN('A_Replicates_INCL'!EW6:EW6)) | Y43: =IF(P43=0,"",MAX('A_Replicates_INCL'!EW6:EW6)) | Z43: =IF(P43=0,"",Y43-X43)
B44: A_HB_TAUY_UP_COMMON | C44: A | D44: T3 | E44: =COUNT('A_Replicates'!EZ6:EZ6) | F44: =IF(E44=0,"",AVERAGE('A_Replicates'!EZ6:EZ6)) | G44: =IF(E44<2,"",STDEV('A_Replicates'!EZ6:EZ6)) | H44: =IF(E44<2,"",IF(G44=0,0,IF(ABS(F44)<G44,"N/A(|Mean|<SD)",G44/ABS(F44)*100))) | I44: =IF(E44=0,"",MIN('A_Replicates'!EZ6:EZ6)) | J44: =IF(E44=0,"",MAX('A_Replicates'!EZ6:EZ6)) | K44: =IF(E44=0,"",J44-I44) | L44: =IF(E44=0,"",SUMPRODUCT(ABS('A_Replicates'!EZ6:EZ6))/E44) | M44: =IF(E44=0,"",COUNTIF('A_Replicates'!EZ6:EZ6,">0")) | N44: =IF(E44=0,"",COUNTIF('A_Replicates'!EZ6:EZ6,"<0")) | O44: 'A_Replicates'!EZ6:EZ6 | P44: =COUNT('A_Replicates_INCL'!EZ6:EZ6) | Q44: =IF(P44=0,"",AVERAGE('A_Replicates_INCL'!EZ6:EZ6)) | R44: =IF(P44<2,"",STDEV('A_Replicates_INCL'!EZ6:EZ6)) | S44: =IF(OR(P44=0,E44=0),"",Q44-F44) | T44: =COUNT('A_Replicates_EXC'!AN6:AN6) | U44: =IF(T44=0,"",AVERAGE('A_Replicates_EXC'!AN6:AN6)) | V44: =COUNTIF('A_Replicates_INCL'!IZ6:IZ6,"torque 하한 밖 참고값")+COUNTIF('A_Replicates_INCL'!IZ6:IZ6,"torque 범위 밖 참고값") | W44: =COUNTIF('A_Replicates_INCL'!IZ6:IZ6,"torque 상한 밖 참고값")+COUNTIF('A_Replicates_INCL'!IZ6:IZ6,"torque 범위 밖 참고값") | X44: =IF(P44=0,"",MIN('A_Replicates_INCL'!EZ6:EZ6)) | Y44: =IF(P44=0,"",MAX('A_Replicates_INCL'!EZ6:EZ6)) | Z44: =IF(P44=0,"",Y44-X44)
B45: A_HB_K_UP_COMMON | C45: A | D45: T3 | E45: =COUNT('A_Replicates'!FC6:FC6) | F45: =IF(E45=0,"",AVERAGE('A_Replicates'!FC6:FC6)) | G45: =IF(E45<2,"",STDEV('A_Replicates'!FC6:FC6)) | H45: =IF(E45<2,"",IF(G45=0,0,IF(ABS(F45)<G45,"N/A(|Mean|<SD)",G45/ABS(F45)*100))) | I45: =IF(E45=0,"",MIN('A_Replicates'!FC6:FC6)) | J45: =IF(E45=0,"",MAX('A_Replicates'!FC6:FC6)) | K45: =IF(E45=0,"",J45-I45) | L45: =IF(E45=0,"",SUMPRODUCT(ABS('A_Replicates'!FC6:FC6))/E45) | M45: =IF(E45=0,"",COUNTIF('A_Replicates'!FC6:FC6,">0")) | N45: =IF(E45=0,"",COUNTIF('A_Replicates'!FC6:FC6,"<0")) | O45: 'A_Replicates'!FC6:FC6 | P45: =COUNT('A_Replicates_INCL'!FC6:FC6) | Q45: =IF(P45=0,"",AVERAGE('A_Replicates_INCL'!FC6:FC6)) | R45: =IF(P45<2,"",STDEV('A_Replicates_INCL'!FC6:FC6)) | S45: =IF(OR(P45=0,E45=0),"",Q45-F45) | T45: =COUNT('A_Replicates_EXC'!AO6:AO6) | U45: =IF(T45=0,"",AVERAGE('A_Replicates_EXC'!AO6:AO6)) | V45: =COUNTIF('A_Replicates_INCL'!JA6:JA6,"torque 하한 밖 참고값")+COUNTIF('A_Replicates_INCL'!JA6:JA6,"torque 범위 밖 참고값") | W45: =COUNTIF('A_Replicates_INCL'!JA6:JA6,"torque 상한 밖 참고값")+COUNTIF('A_Replicates_INCL'!JA6:JA6,"torque 범위 밖 참고값") | X45: =IF(P45=0,"",MIN('A_Replicates_INCL'!FC6:FC6)) | Y45: =IF(P45=0,"",MAX('A_Replicates_INCL'!FC6:FC6)) | Z45: =IF(P45=0,"",Y45-X45)
B46: A_HB_N_UP_COMMON | C46: A | D46: T3 | E46: =COUNT('A_Replicates'!FF6:FF6) | F46: =IF(E46=0,"",AVERAGE('A_Replicates'!FF6:FF6)) | G46: =IF(E46<2,"",STDEV('A_Replicates'!FF6:FF6)) | H46: =IF(E46<2,"",IF(G46=0,0,IF(ABS(F46)<G46,"N/A(|Mean|<SD)",G46/ABS(F46)*100))) | I46: =IF(E46=0,"",MIN('A_Replicates'!FF6:FF6)) | J46: =IF(E46=0,"",MAX('A_Replicates'!FF6:FF6)) | K46: =IF(E46=0,"",J46-I46) | L46: =IF(E46=0,"",SUMPRODUCT(ABS('A_Replicates'!FF6:FF6))/E46) | M46: =IF(E46=0,"",COUNTIF('A_Replicates'!FF6:FF6,">0")) | N46: =IF(E46=0,"",COUNTIF('A_Replicates'!FF6:FF6,"<0")) | O46: 'A_Replicates'!FF6:FF6 | P46: =COUNT('A_Replicates_INCL'!FF6:FF6) | Q46: =IF(P46=0,"",AVERAGE('A_Replicates_INCL'!FF6:FF6)) | R46: =IF(P46<2,"",STDEV('A_Replicates_INCL'!FF6:FF6)) | S46: =IF(OR(P46=0,E46=0),"",Q46-F46) | T46: =COUNT('A_Replicates_EXC'!AP6:AP6) | U46: =IF(T46=0,"",AVERAGE('A_Replicates_EXC'!AP6:AP6)) | V46: =COUNTIF('A_Replicates_INCL'!JB6:JB6,"torque 하한 밖 참고값")+COUNTIF('A_Replicates_INCL'!JB6:JB6,"torque 범위 밖 참고값") | W46: =COUNTIF('A_Replicates_INCL'!JB6:JB6,"torque 상한 밖 참고값")+COUNTIF('A_Replicates_INCL'!JB6:JB6,"torque 범위 밖 참고값") | X46: =IF(P46=0,"",MIN('A_Replicates_INCL'!FF6:FF6)) | Y46: =IF(P46=0,"",MAX('A_Replicates_INCL'!FF6:FF6)) | Z46: =IF(P46=0,"",Y46-X46)
B47: A_HB_R2_UP_COMMON | C47: A | D47: T3 | E47: =COUNT('A_Replicates'!FI6:FI6) | F47: =IF(E47=0,"",AVERAGE('A_Replicates'!FI6:FI6)) | G47: =IF(E47<2,"",STDEV('A_Replicates'!FI6:FI6)) | H47: =IF(E47<2,"",IF(G47=0,0,IF(ABS(F47)<G47,"N/A(|Mean|<SD)",G47/ABS(F47)*100))) | I47: =IF(E47=0,"",MIN('A_Replicates'!FI6:FI6)) | J47: =IF(E47=0,"",MAX('A_Replicates'!FI6:FI6)) | K47: =IF(E47=0,"",J47-I47) | L47: =IF(E47=0,"",SUMPRODUCT(ABS('A_Replicates'!FI6:FI6))/E47) | M47: =IF(E47=0,"",COUNTIF('A_Replicates'!FI6:FI6,">0")) | N47: =IF(E47=0,"",COUNTIF('A_Replicates'!FI6:FI6,"<0")) | O47: 'A_Replicates'!FI6:FI6 | P47: =COUNT('A_Replicates_INCL'!FI6:FI6) | Q47: =IF(P47=0,"",AVERAGE('A_Replicates_INCL'!FI6:FI6)) | R47: =IF(P47<2,"",STDEV('A_Replicates_INCL'!FI6:FI6)) | S47: =IF(OR(P47=0,E47=0),"",Q47-F47) | T47: =COUNT('A_Replicates_EXC'!AQ6:AQ6) | U47: =IF(T47=0,"",AVERAGE('A_Replicates_EXC'!AQ6:AQ6)) | V47: =COUNTIF('A_Replicates_INCL'!JC6:JC6,"torque 하한 밖 참고값")+COUNTIF('A_Replicates_INCL'!JC6:JC6,"torque 범위 밖 참고값") | W47: =COUNTIF('A_Replicates_INCL'!JC6:JC6,"torque 상한 밖 참고값")+COUNTIF('A_Replicates_INCL'!JC6:JC6,"torque 범위 밖 참고값") | X47: =IF(P47=0,"",MIN('A_Replicates_INCL'!FI6:FI6)) | Y47: =IF(P47=0,"",MAX('A_Replicates_INCL'!FI6:FI6)) | Z47: =IF(P47=0,"",Y47-X47)
B48: A_HB_TAUY_DN_COMMON | C48: A | D48: T3 | E48: =COUNT('A_Replicates'!FL6:FL6) | F48: =IF(E48=0,"",AVERAGE('A_Replicates'!FL6:FL6)) | G48: =IF(E48<2,"",STDEV('A_Replicates'!FL6:FL6)) | H48: =IF(E48<2,"",IF(G48=0,0,IF(ABS(F48)<G48,"N/A(|Mean|<SD)",G48/ABS(F48)*100))) | I48: =IF(E48=0,"",MIN('A_Replicates'!FL6:FL6)) | J48: =IF(E48=0,"",MAX('A_Replicates'!FL6:FL6)) | K48: =IF(E48=0,"",J48-I48) | L48: =IF(E48=0,"",SUMPRODUCT(ABS('A_Replicates'!FL6:FL6))/E48) | M48: =IF(E48=0,"",COUNTIF('A_Replicates'!FL6:FL6,">0")) | N48: =IF(E48=0,"",COUNTIF('A_Replicates'!FL6:FL6,"<0")) | O48: 'A_Replicates'!FL6:FL6 | P48: =COUNT('A_Replicates_INCL'!FL6:FL6) | Q48: =IF(P48=0,"",AVERAGE('A_Replicates_INCL'!FL6:FL6)) | R48: =IF(P48<2,"",STDEV('A_Replicates_INCL'!FL6:FL6)) | S48: =IF(OR(P48=0,E48=0),"",Q48-F48) | T48: =COUNT('A_Replicates_EXC'!AR6:AR6) | U48: =IF(T48=0,"",AVERAGE('A_Replicates_EXC'!AR6:AR6)) | V48: =COUNTIF('A_Replicates_INCL'!JD6:JD6,"torque 하한 밖 참고값")+COUNTIF('A_Replicates_INCL'!JD6:JD6,"torque 범위 밖 참고값") | W48: =COUNTIF('A_Replicates_INCL'!JD6:JD6,"torque 상한 밖 참고값")+COUNTIF('A_Replicates_INCL'!JD6:JD6,"torque 범위 밖 참고값") | X48: =IF(P48=0,"",MIN('A_Replicates_INCL'!FL6:FL6)) | Y48: =IF(P48=0,"",MAX('A_Replicates_INCL'!FL6:FL6)) | Z48: =IF(P48=0,"",Y48-X48)
B49: A_HB_K_DN_COMMON | C49: A | D49: T3 | E49: =COUNT('A_Replicates'!FO6:FO6) | F49: =IF(E49=0,"",AVERAGE('A_Replicates'!FO6:FO6)) | G49: =IF(E49<2,"",STDEV('A_Replicates'!FO6:FO6)) | H49: =IF(E49<2,"",IF(G49=0,0,IF(ABS(F49)<G49,"N/A(|Mean|<SD)",G49/ABS(F49)*100))) | I49: =IF(E49=0,"",MIN('A_Replicates'!FO6:FO6)) | J49: =IF(E49=0,"",MAX('A_Replicates'!FO6:FO6)) | K49: =IF(E49=0,"",J49-I49) | L49: =IF(E49=0,"",SUMPRODUCT(ABS('A_Replicates'!FO6:FO6))/E49) | M49: =IF(E49=0,"",COUNTIF('A_Replicates'!FO6:FO6,">0")) | N49: =IF(E49=0,"",COUNTIF('A_Replicates'!FO6:FO6,"<0")) | O49: 'A_Replicates'!FO6:FO6 | P49: =COUNT('A_Replicates_INCL'!FO6:FO6) | Q49: =IF(P49=0,"",AVERAGE('A_Replicates_INCL'!FO6:FO6)) | R49: =IF(P49<2,"",STDEV('A_Replicates_INCL'!FO6:FO6)) | S49: =IF(OR(P49=0,E49=0),"",Q49-F49) | T49: =COUNT('A_Replicates_EXC'!AS6:AS6) | U49: =IF(T49=0,"",AVERAGE('A_Replicates_EXC'!AS6:AS6)) | V49: =COUNTIF('A_Replicates_INCL'!JE6:JE6,"torque 하한 밖 참고값")+COUNTIF('A_Replicates_INCL'!JE6:JE6,"torque 범위 밖 참고값") | W49: =COUNTIF('A_Replicates_INCL'!JE6:JE6,"torque 상한 밖 참고값")+COUNTIF('A_Replicates_INCL'!JE6:JE6,"torque 범위 밖 참고값") | X49: =IF(P49=0,"",MIN('A_Replicates_INCL'!FO6:FO6)) | Y49: =IF(P49=0,"",MAX('A_Replicates_INCL'!FO6:FO6)) | Z49: =IF(P49=0,"",Y49-X49)
B50: A_HB_N_DN_COMMON | C50: A | D50: T3 | E50: =COUNT('A_Replicates'!FR6:FR6) | F50: =IF(E50=0,"",AVERAGE('A_Replicates'!FR6:FR6)) | G50: =IF(E50<2,"",STDEV('A_Replicates'!FR6:FR6)) | H50: =IF(E50<2,"",IF(G50=0,0,IF(ABS(F50)<G50,"N/A(|Mean|<SD)",G50/ABS(F50)*100))) | I50: =IF(E50=0,"",MIN('A_Replicates'!FR6:FR6)) | J50: =IF(E50=0,"",MAX('A_Replicates'!FR6:FR6)) | K50: =IF(E50=0,"",J50-I50) | L50: =IF(E50=0,"",SUMPRODUCT(ABS('A_Replicates'!FR6:FR6))/E50) | M50: =IF(E50=0,"",COUNTIF('A_Replicates'!FR6:FR6,">0")) | N50: =IF(E50=0,"",COUNTIF('A_Replicates'!FR6:FR6,"<0")) | O50: 'A_Replicates'!FR6:FR6 | P50: =COUNT('A_Replicates_INCL'!FR6:FR6) | Q50: =IF(P50=0,"",AVERAGE('A_Replicates_INCL'!FR6:FR6)) | R50: =IF(P50<2,"",STDEV('A_Replicates_INCL'!FR6:FR6)) | S50: =IF(OR(P50=0,E50=0),"",Q50-F50) | T50: =COUNT('A_Replicates_EXC'!AT6:AT6) | U50: =IF(T50=0,"",AVERAGE('A_Replicates_EXC'!AT6:AT6)) | V50: =COUNTIF('A_Replicates_INCL'!JF6:JF6,"torque 하한 밖 참고값")+COUNTIF('A_Replicates_INCL'!JF6:JF6,"torque 범위 밖 참고값") | W50: =COUNTIF('A_Replicates_INCL'!JF6:JF6,"torque 상한 밖 참고값")+COUNTIF('A_Replicates_INCL'!JF6:JF6,"torque 범위 밖 참고값") | X50: =IF(P50=0,"",MIN('A_Replicates_INCL'!FR6:FR6)) | Y50: =IF(P50=0,"",MAX('A_Replicates_INCL'!FR6:FR6)) | Z50: =IF(P50=0,"",Y50-X50)
B51: A_HB_R2_DN_COMMON | C51: A | D51: T3 | E51: =COUNT('A_Replicates'!FU6:FU6) | F51: =IF(E51=0,"",AVERAGE('A_Replicates'!FU6:FU6)) | G51: =IF(E51<2,"",STDEV('A_Replicates'!FU6:FU6)) | H51: =IF(E51<2,"",IF(G51=0,0,IF(ABS(F51)<G51,"N/A(|Mean|<SD)",G51/ABS(F51)*100))) | I51: =IF(E51=0,"",MIN('A_Replicates'!FU6:FU6)) | J51: =IF(E51=0,"",MAX('A_Replicates'!FU6:FU6)) | K51: =IF(E51=0,"",J51-I51) | L51: =IF(E51=0,"",SUMPRODUCT(ABS('A_Replicates'!FU6:FU6))/E51) | M51: =IF(E51=0,"",COUNTIF('A_Replicates'!FU6:FU6,">0")) | N51: =IF(E51=0,"",COUNTIF('A_Replicates'!FU6:FU6,"<0")) | O51: 'A_Replicates'!FU6:FU6 | P51: =COUNT('A_Replicates_INCL'!FU6:FU6) | Q51: =IF(P51=0,"",AVERAGE('A_Replicates_INCL'!FU6:FU6)) | R51: =IF(P51<2,"",STDEV('A_Replicates_INCL'!FU6:FU6)) | S51: =IF(OR(P51=0,E51=0),"",Q51-F51) | T51: =COUNT('A_Replicates_EXC'!AU6:AU6) | U51: =IF(T51=0,"",AVERAGE('A_Replicates_EXC'!AU6:AU6)) | V51: =COUNTIF('A_Replicates_INCL'!JG6:JG6,"torque 하한 밖 참고값")+COUNTIF('A_Replicates_INCL'!JG6:JG6,"torque 범위 밖 참고값") | W51: =COUNTIF('A_Replicates_INCL'!JG6:JG6,"torque 상한 밖 참고값")+COUNTIF('A_Replicates_INCL'!JG6:JG6,"torque 범위 밖 참고값") | X51: =IF(P51=0,"",MIN('A_Replicates_INCL'!FU6:FU6)) | Y51: =IF(P51=0,"",MAX('A_Replicates_INCL'!FU6:FU6)) | Z51: =IF(P51=0,"",Y51-X51)
B52: A_HB_TAUY_RATIO_COMMON | C52: A | D52: T3 | E52: =COUNT('A_Replicates'!FX6:FX6) | F52: =IF(E52=0,"",AVERAGE('A_Replicates'!FX6:FX6)) | G52: =IF(E52<2,"",STDEV('A_Replicates'!FX6:FX6)) | H52: =IF(E52<2,"",IF(G52=0,0,IF(ABS(F52)<G52,"N/A(|Mean|<SD)",G52/ABS(F52)*100))) | I52: =IF(E52=0,"",MIN('A_Replicates'!FX6:FX6)) | J52: =IF(E52=0,"",MAX('A_Replicates'!FX6:FX6)) | K52: =IF(E52=0,"",J52-I52) | L52: =IF(E52=0,"",SUMPRODUCT(ABS('A_Replicates'!FX6:FX6))/E52) | M52: =IF(E52=0,"",COUNTIF('A_Replicates'!FX6:FX6,">0")) | N52: =IF(E52=0,"",COUNTIF('A_Replicates'!FX6:FX6,"<0")) | O52: 'A_Replicates'!FX6:FX6 | P52: =COUNT('A_Replicates_INCL'!FX6:FX6) | Q52: =IF(P52=0,"",AVERAGE('A_Replicates_INCL'!FX6:FX6)) | R52: =IF(P52<2,"",STDEV('A_Replicates_INCL'!FX6:FX6)) | S52: =IF(OR(P52=0,E52=0),"",Q52-F52) | T52: =COUNT('A_Replicates_EXC'!AV6:AV6) | U52: =IF(T52=0,"",AVERAGE('A_Replicates_EXC'!AV6:AV6)) | V52: =COUNTIF('A_Replicates_INCL'!JH6:JH6,"torque 하한 밖 참고값")+COUNTIF('A_Replicates_INCL'!JH6:JH6,"torque 범위 밖 참고값") | W52: =COUNTIF('A_Replicates_INCL'!JH6:JH6,"torque 상한 밖 참고값")+COUNTIF('A_Replicates_INCL'!JH6:JH6,"torque 범위 밖 참고값") | X52: =IF(P52=0,"",MIN('A_Replicates_INCL'!FX6:FX6)) | Y52: =IF(P52=0,"",MAX('A_Replicates_INCL'!FX6:FX6)) | Z52: =IF(P52=0,"",Y52-X52)
B53: A_STARTUP_PLATEAU_UP | C53: A | D53: T3 | E53: =COUNT('A_Replicates'!GA6:GA6) | F53: =IF(E53=0,"",AVERAGE('A_Replicates'!GA6:GA6)) | G53: =IF(E53<2,"",STDEV('A_Replicates'!GA6:GA6)) | H53: =IF(E53<2,"",IF(G53=0,0,IF(ABS(F53)<G53,"N/A(|Mean|<SD)",G53/ABS(F53)*100))) | I53: =IF(E53=0,"",MIN('A_Replicates'!GA6:GA6)) | J53: =IF(E53=0,"",MAX('A_Replicates'!GA6:GA6)) | K53: =IF(E53=0,"",J53-I53) | L53: =IF(E53=0,"",SUMPRODUCT(ABS('A_Replicates'!GA6:GA6))/E53) | M53: =IF(E53=0,"",COUNTIF('A_Replicates'!GA6:GA6,">0")) | N53: =IF(E53=0,"",COUNTIF('A_Replicates'!GA6:GA6,"<0")) | O53: 'A_Replicates'!GA6:GA6 | P53: =COUNT('A_Replicates_INCL'!GA6:GA6) | Q53: =IF(P53=0,"",AVERAGE('A_Replicates_INCL'!GA6:GA6)) | R53: =IF(P53<2,"",STDEV('A_Replicates_INCL'!GA6:GA6)) | S53: =IF(OR(P53=0,E53=0),"",Q53-F53) | T53: =COUNT('A_Replicates_EXC'!AW6:AW6) | U53: =IF(T53=0,"",AVERAGE('A_Replicates_EXC'!AW6:AW6)) | V53: =COUNTIF('A_Replicates_INCL'!JI6:JI6,"torque 하한 밖 참고값")+COUNTIF('A_Replicates_INCL'!JI6:JI6,"torque 범위 밖 참고값") | W53: =COUNTIF('A_Replicates_INCL'!JI6:JI6,"torque 상한 밖 참고값")+COUNTIF('A_Replicates_INCL'!JI6:JI6,"torque 범위 밖 참고값") | X53: =IF(P53=0,"",MIN('A_Replicates_INCL'!GA6:GA6)) | Y53: =IF(P53=0,"",MAX('A_Replicates_INCL'!GA6:GA6)) | Z53: =IF(P53=0,"",Y53-X53)
B54: A_POST_SHEAR_PLATEAU | C54: A | D54: T3 | E54: =COUNT('A_Replicates'!GD6:GD6) | F54: =IF(E54=0,"",AVERAGE('A_Replicates'!GD6:GD6)) | G54: =IF(E54<2,"",STDEV('A_Replicates'!GD6:GD6)) | H54: =IF(E54<2,"",IF(G54=0,0,IF(ABS(F54)<G54,"N/A(|Mean|<SD)",G54/ABS(F54)*100))) | I54: =IF(E54=0,"",MIN('A_Replicates'!GD6:GD6)) | J54: =IF(E54=0,"",MAX('A_Replicates'!GD6:GD6)) | K54: =IF(E54=0,"",J54-I54) | L54: =IF(E54=0,"",SUMPRODUCT(ABS('A_Replicates'!GD6:GD6))/E54) | M54: =IF(E54=0,"",COUNTIF('A_Replicates'!GD6:GD6,">0")) | N54: =IF(E54=0,"",COUNTIF('A_Replicates'!GD6:GD6,"<0")) | O54: 'A_Replicates'!GD6:GD6 | P54: =COUNT('A_Replicates_INCL'!GD6:GD6) | Q54: =IF(P54=0,"",AVERAGE('A_Replicates_INCL'!GD6:GD6)) | R54: =IF(P54<2,"",STDEV('A_Replicates_INCL'!GD6:GD6)) | S54: =IF(OR(P54=0,E54=0),"",Q54-F54) | T54: =COUNT('A_Replicates_EXC'!AX6:AX6) | U54: =IF(T54=0,"",AVERAGE('A_Replicates_EXC'!AX6:AX6)) | V54: =COUNTIF('A_Replicates_INCL'!JJ6:JJ6,"torque 하한 밖 참고값")+COUNTIF('A_Replicates_INCL'!JJ6:JJ6,"torque 범위 밖 참고값") | W54: =COUNTIF('A_Replicates_INCL'!JJ6:JJ6,"torque 상한 밖 참고값")+COUNTIF('A_Replicates_INCL'!JJ6:JJ6,"torque 범위 밖 참고값") | X54: =IF(P54=0,"",MIN('A_Replicates_INCL'!GD6:GD6)) | Y54: =IF(P54=0,"",MAX('A_Replicates_INCL'!GD6:GD6)) | Z54: =IF(P54=0,"",Y54-X54)
B55: A_PLATEAU_RETENTION | C55: A | D55: T3 | E55: =COUNT('A_Replicates'!GG6:GG6) | F55: =IF(E55=0,"",AVERAGE('A_Replicates'!GG6:GG6)) | G55: =IF(E55<2,"",STDEV('A_Replicates'!GG6:GG6)) | H55: =IF(E55<2,"",IF(G55=0,0,IF(ABS(F55)<G55,"N/A(|Mean|<SD)",G55/ABS(F55)*100))) | I55: =IF(E55=0,"",MIN('A_Replicates'!GG6:GG6)) | J55: =IF(E55=0,"",MAX('A_Replicates'!GG6:GG6)) | K55: =IF(E55=0,"",J55-I55) | L55: =IF(E55=0,"",SUMPRODUCT(ABS('A_Replicates'!GG6:GG6))/E55) | M55: =IF(E55=0,"",COUNTIF('A_Replicates'!GG6:GG6,">0")) | N55: =IF(E55=0,"",COUNTIF('A_Replicates'!GG6:GG6,"<0")) | O55: 'A_Replicates'!GG6:GG6 | P55: =COUNT('A_Replicates_INCL'!GG6:GG6) | Q55: =IF(P55=0,"",AVERAGE('A_Replicates_INCL'!GG6:GG6)) | R55: =IF(P55<2,"",STDEV('A_Replicates_INCL'!GG6:GG6)) | S55: =IF(OR(P55=0,E55=0),"",Q55-F55) | T55: =COUNT('A_Replicates_EXC'!AY6:AY6) | U55: =IF(T55=0,"",AVERAGE('A_Replicates_EXC'!AY6:AY6)) | V55: =COUNTIF('A_Replicates_INCL'!JK6:JK6,"torque 하한 밖 참고값")+COUNTIF('A_Replicates_INCL'!JK6:JK6,"torque 범위 밖 참고값") | W55: =COUNTIF('A_Replicates_INCL'!JK6:JK6,"torque 상한 밖 참고값")+COUNTIF('A_Replicates_INCL'!JK6:JK6,"torque 범위 밖 참고값") | X55: =IF(P55=0,"",MIN('A_Replicates_INCL'!GG6:GG6)) | Y55: =IF(P55=0,"",MAX('A_Replicates_INCL'!GG6:GG6)) | Z55: =IF(P55=0,"",Y55-X55)
B56: B_ETA_BRK | C56: B | D56: T3 | E56: 0 | F56: ="" | G56: ="" | H56: ="" | I56: ="" | J56: ="" | K56: ="" | L56: ="" | M56: ="" | N56: ="" | O56: 반복 데이터 없음 | P56: 0 | Q56: ="" | R56: ="" | S56: ="" | T56: 0 | U56: ="" | V56: ="" | W56: =""
B57: B_R10 | C57: B | D57: T3 | E57: 0 | F57: ="" | G57: ="" | H57: ="" | I57: ="" | J57: ="" | K57: ="" | L57: ="" | M57: ="" | N57: ="" | O57: 반복 데이터 없음 | P57: 0 | Q57: ="" | R57: ="" | S57: ="" | T57: 0 | U57: ="" | V57: ="" | W57: =""
B58: B_R900 | C58: B | D58: T3 | E58: 0 | F58: ="" | G58: ="" | H58: ="" | I58: ="" | J58: ="" | K58: ="" | L58: ="" | M58: ="" | N58: ="" | O58: 반복 데이터 없음 | P58: 0 | Q58: ="" | R58: ="" | S58: ="" | T58: 0 | U58: ="" | V58: ="" | W58: =""
B59: A_TQ_L | C59: A | D59: DQ | E59: =COUNT('A_Replicates'!GJ6:GJ6) | F59: =IF(E59=0,"",AVERAGE('A_Replicates'!GJ6:GJ6)) | G59: =IF(E59<2,"",STDEV('A_Replicates'!GJ6:GJ6)) | H59: =IF(E59<2,"",IF(G59=0,0,IF(ABS(F59)<G59,"N/A(|Mean|<SD)",G59/ABS(F59)*100))) | I59: =IF(E59=0,"",MIN('A_Replicates'!GJ6:GJ6)) | J59: =IF(E59=0,"",MAX('A_Replicates'!GJ6:GJ6)) | K59: =IF(E59=0,"",J59-I59) | L59: =IF(E59=0,"",SUMPRODUCT(ABS('A_Replicates'!GJ6:GJ6))/E59) | M59: =IF(E59=0,"",COUNTIF('A_Replicates'!GJ6:GJ6,">0")) | N59: =IF(E59=0,"",COUNTIF('A_Replicates'!GJ6:GJ6,"<0")) | O59: 'A_Replicates'!GJ6:GJ6 | P59: =COUNT('A_Replicates_INCL'!GJ6:GJ6) | Q59: =IF(P59=0,"",AVERAGE('A_Replicates_INCL'!GJ6:GJ6)) | R59: =IF(P59<2,"",STDEV('A_Replicates_INCL'!GJ6:GJ6)) | S59: =IF(OR(P59=0,E59=0),"",Q59-F59) | T59: =COUNT('A_Replicates_EXC'!AZ6:AZ6) | U59: =IF(T59=0,"",AVERAGE('A_Replicates_EXC'!AZ6:AZ6)) | V59: =COUNTIF('A_Replicates_INCL'!JL6:JL6,"torque 하한 밖 참고값")+COUNTIF('A_Replicates_INCL'!JL6:JL6,"torque 범위 밖 참고값") | W59: =COUNTIF('A_Replicates_INCL'!JL6:JL6,"torque 상한 밖 참고값")+COUNTIF('A_Replicates_INCL'!JL6:JL6,"torque 범위 밖 참고값") | X59: =IF(P59=0,"",MIN('A_Replicates_INCL'!GJ6:GJ6)) | Y59: =IF(P59=0,"",MAX('A_Replicates_INCL'!GJ6:GJ6)) | Z59: =IF(P59=0,"",Y59-X59)
B60: A_RES_L | C60: A | D60: DQ | E60: =COUNT('A_Replicates'!GM6:GM6) | F60: =IF(E60=0,"",AVERAGE('A_Replicates'!GM6:GM6)) | G60: =IF(E60<2,"",STDEV('A_Replicates'!GM6:GM6)) | H60: =IF(E60<2,"",IF(G60=0,0,IF(ABS(F60)<G60,"N/A(|Mean|<SD)",G60/ABS(F60)*100))) | I60: =IF(E60=0,"",MIN('A_Replicates'!GM6:GM6)) | J60: =IF(E60=0,"",MAX('A_Replicates'!GM6:GM6)) | K60: =IF(E60=0,"",J60-I60) | L60: =IF(E60=0,"",SUMPRODUCT(ABS('A_Replicates'!GM6:GM6))/E60) | M60: =IF(E60=0,"",COUNTIF('A_Replicates'!GM6:GM6,">0")) | N60: =IF(E60=0,"",COUNTIF('A_Replicates'!GM6:GM6,"<0")) | O60: 'A_Replicates'!GM6:GM6 | P60: =COUNT('A_Replicates_INCL'!GM6:GM6) | Q60: =IF(P60=0,"",AVERAGE('A_Replicates_INCL'!GM6:GM6)) | R60: =IF(P60<2,"",STDEV('A_Replicates_INCL'!GM6:GM6)) | S60: =IF(OR(P60=0,E60=0),"",Q60-F60) | T60: =COUNT('A_Replicates_EXC'!BA6:BA6) | U60: =IF(T60=0,"",AVERAGE('A_Replicates_EXC'!BA6:BA6)) | V60: =COUNTIF('A_Replicates_INCL'!JM6:JM6,"torque 하한 밖 참고값")+COUNTIF('A_Replicates_INCL'!JM6:JM6,"torque 범위 밖 참고값") | W60: =COUNTIF('A_Replicates_INCL'!JM6:JM6,"torque 상한 밖 참고값")+COUNTIF('A_Replicates_INCL'!JM6:JM6,"torque 범위 밖 참고값") | X60: =IF(P60=0,"",MIN('A_Replicates_INCL'!GM6:GM6)) | Y60: =IF(P60=0,"",MAX('A_Replicates_INCL'!GM6:GM6)) | Z60: =IF(P60=0,"",Y60-X60)
B61: A_DUL_FLOOR | C61: A | D61: DQ | E61: =COUNT('A_Replicates'!GP6:GP6) | F61: =IF(E61=0,"",AVERAGE('A_Replicates'!GP6:GP6)) | G61: =IF(E61<2,"",STDEV('A_Replicates'!GP6:GP6)) | H61: =IF(E61<2,"",IF(G61=0,0,IF(ABS(F61)<G61,"N/A(|Mean|<SD)",G61/ABS(F61)*100))) | I61: =IF(E61=0,"",MIN('A_Replicates'!GP6:GP6)) | J61: =IF(E61=0,"",MAX('A_Replicates'!GP6:GP6)) | K61: =IF(E61=0,"",J61-I61) | L61: =IF(E61=0,"",SUMPRODUCT(ABS('A_Replicates'!GP6:GP6))/E61) | M61: =IF(E61=0,"",COUNTIF('A_Replicates'!GP6:GP6,">0")) | N61: =IF(E61=0,"",COUNTIF('A_Replicates'!GP6:GP6,"<0")) | O61: 'A_Replicates'!GP6:GP6 | P61: =COUNT('A_Replicates_INCL'!GP6:GP6) | Q61: =IF(P61=0,"",AVERAGE('A_Replicates_INCL'!GP6:GP6)) | R61: =IF(P61<2,"",STDEV('A_Replicates_INCL'!GP6:GP6)) | S61: =IF(OR(P61=0,E61=0),"",Q61-F61) | T61: =COUNT('A_Replicates_EXC'!BB6:BB6) | U61: =IF(T61=0,"",AVERAGE('A_Replicates_EXC'!BB6:BB6)) | V61: =COUNTIF('A_Replicates_INCL'!JN6:JN6,"torque 하한 밖 참고값")+COUNTIF('A_Replicates_INCL'!JN6:JN6,"torque 범위 밖 참고값") | W61: =COUNTIF('A_Replicates_INCL'!JN6:JN6,"torque 상한 밖 참고값")+COUNTIF('A_Replicates_INCL'!JN6:JN6,"torque 범위 밖 참고값") | X61: =IF(P61=0,"",MIN('A_Replicates_INCL'!GP6:GP6)) | Y61: =IF(P61=0,"",MAX('A_Replicates_INCL'!GP6:GP6)) | Z61: =IF(P61=0,"",Y61-X61)
B62: A_EQ_DRIFT_MAX | C62: A | D62: DQ | E62: =COUNT('A_Replicates'!GS6:GS6) | F62: =IF(E62=0,"",AVERAGE('A_Replicates'!GS6:GS6)) | G62: =IF(E62<2,"",STDEV('A_Replicates'!GS6:GS6)) | H62: =IF(E62<2,"",IF(G62=0,0,IF(ABS(F62)<G62,"N/A(|Mean|<SD)",G62/ABS(F62)*100))) | I62: =IF(E62=0,"",MIN('A_Replicates'!GS6:GS6)) | J62: =IF(E62=0,"",MAX('A_Replicates'!GS6:GS6)) | K62: =IF(E62=0,"",J62-I62) | L62: =IF(E62=0,"",SUMPRODUCT(ABS('A_Replicates'!GS6:GS6))/E62) | M62: =IF(E62=0,"",COUNTIF('A_Replicates'!GS6:GS6,">0")) | N62: =IF(E62=0,"",COUNTIF('A_Replicates'!GS6:GS6,"<0")) | O62: 'A_Replicates'!GS6:GS6 | P62: =COUNT('A_Replicates_INCL'!GS6:GS6) | Q62: =IF(P62=0,"",AVERAGE('A_Replicates_INCL'!GS6:GS6)) | R62: =IF(P62<2,"",STDEV('A_Replicates_INCL'!GS6:GS6)) | S62: =IF(OR(P62=0,E62=0),"",Q62-F62) | T62: =COUNT('A_Replicates_EXC'!BC6:BC6) | U62: =IF(T62=0,"",AVERAGE('A_Replicates_EXC'!BC6:BC6)) | V62: =COUNTIF('A_Replicates_INCL'!JO6:JO6,"torque 하한 밖 참고값")+COUNTIF('A_Replicates_INCL'!JO6:JO6,"torque 범위 밖 참고값") | W62: =COUNTIF('A_Replicates_INCL'!JO6:JO6,"torque 상한 밖 참고값")+COUNTIF('A_Replicates_INCL'!JO6:JO6,"torque 범위 밖 참고값") | X62: =IF(P62=0,"",MIN('A_Replicates_INCL'!GS6:GS6)) | Y62: =IF(P62=0,"",MAX('A_Replicates_INCL'!GS6:GS6)) | Z62: =IF(P62=0,"",Y62-X62)
B63: A_TEMP_MEAN | C63: A | D63: DQ | E63: =COUNT('A_Replicates'!GV6:GV6) | F63: =IF(E63=0,"",AVERAGE('A_Replicates'!GV6:GV6)) | G63: =IF(E63<2,"",STDEV('A_Replicates'!GV6:GV6)) | H63: =IF(E63<2,"",IF(G63=0,0,IF(ABS(F63)<G63,"N/A(|Mean|<SD)",G63/ABS(F63)*100))) | I63: =IF(E63=0,"",MIN('A_Replicates'!GV6:GV6)) | J63: =IF(E63=0,"",MAX('A_Replicates'!GV6:GV6)) | K63: =IF(E63=0,"",J63-I63) | L63: =IF(E63=0,"",SUMPRODUCT(ABS('A_Replicates'!GV6:GV6))/E63) | M63: =IF(E63=0,"",COUNTIF('A_Replicates'!GV6:GV6,">0")) | N63: =IF(E63=0,"",COUNTIF('A_Replicates'!GV6:GV6,"<0")) | O63: 'A_Replicates'!GV6:GV6 | P63: =COUNT('A_Replicates_INCL'!GV6:GV6) | Q63: =IF(P63=0,"",AVERAGE('A_Replicates_INCL'!GV6:GV6)) | R63: =IF(P63<2,"",STDEV('A_Replicates_INCL'!GV6:GV6)) | S63: =IF(OR(P63=0,E63=0),"",Q63-F63) | T63: =COUNT('A_Replicates_EXC'!BD6:BD6) | U63: =IF(T63=0,"",AVERAGE('A_Replicates_EXC'!BD6:BD6)) | V63: =COUNTIF('A_Replicates_INCL'!JP6:JP6,"torque 하한 밖 참고값")+COUNTIF('A_Replicates_INCL'!JP6:JP6,"torque 범위 밖 참고값") | W63: =COUNTIF('A_Replicates_INCL'!JP6:JP6,"torque 상한 밖 참고값")+COUNTIF('A_Replicates_INCL'!JP6:JP6,"torque 범위 밖 참고값") | X63: =IF(P63=0,"",MIN('A_Replicates_INCL'!GV6:GV6)) | Y63: =IF(P63=0,"",MAX('A_Replicates_INCL'!GV6:GV6)) | Z63: =IF(P63=0,"",Y63-X63)
B64: A_TEMP_SPAN | C64: A | D64: DQ | E64: =COUNT('A_Replicates'!GY6:GY6) | F64: =IF(E64=0,"",AVERAGE('A_Replicates'!GY6:GY6)) | G64: =IF(E64<2,"",STDEV('A_Replicates'!GY6:GY6)) | H64: =IF(E64<2,"",IF(G64=0,0,IF(ABS(F64)<G64,"N/A(|Mean|<SD)",G64/ABS(F64)*100))) | I64: =IF(E64=0,"",MIN('A_Replicates'!GY6:GY6)) | J64: =IF(E64=0,"",MAX('A_Replicates'!GY6:GY6)) | K64: =IF(E64=0,"",J64-I64) | L64: =IF(E64=0,"",SUMPRODUCT(ABS('A_Replicates'!GY6:GY6))/E64) | M64: =IF(E64=0,"",COUNTIF('A_Replicates'!GY6:GY6,">0")) | N64: =IF(E64=0,"",COUNTIF('A_Replicates'!GY6:GY6,"<0")) | O64: 'A_Replicates'!GY6:GY6 | P64: =COUNT('A_Replicates_INCL'!GY6:GY6) | Q64: =IF(P64=0,"",AVERAGE('A_Replicates_INCL'!GY6:GY6)) | R64: =IF(P64<2,"",STDEV('A_Replicates_INCL'!GY6:GY6)) | S64: =IF(OR(P64=0,E64=0),"",Q64-F64) | T64: =COUNT('A_Replicates_EXC'!BE6:BE6) | U64: =IF(T64=0,"",AVERAGE('A_Replicates_EXC'!BE6:BE6)) | V64: =COUNTIF('A_Replicates_INCL'!JQ6:JQ6,"torque 하한 밖 참고값")+COUNTIF('A_Replicates_INCL'!JQ6:JQ6,"torque 범위 밖 참고값") | W64: =COUNTIF('A_Replicates_INCL'!JQ6:JQ6,"torque 상한 밖 참고값")+COUNTIF('A_Replicates_INCL'!JQ6:JQ6,"torque 범위 밖 참고값") | X64: =IF(P64=0,"",MIN('A_Replicates_INCL'!GY6:GY6)) | Y64: =IF(P64=0,"",MAX('A_Replicates_INCL'!GY6:GY6)) | Z64: =IF(P64=0,"",Y64-X64)
B65: A_N_QUANT | C65: A | D65: DQ | E65: =COUNT('A_Replicates'!HB6:HB6) | F65: =IF(E65=0,"",AVERAGE('A_Replicates'!HB6:HB6)) | G65: =IF(E65<2,"",STDEV('A_Replicates'!HB6:HB6)) | H65: =IF(E65<2,"",IF(G65=0,0,IF(ABS(F65)<G65,"N/A(|Mean|<SD)",G65/ABS(F65)*100))) | I65: =IF(E65=0,"",MIN('A_Replicates'!HB6:HB6)) | J65: =IF(E65=0,"",MAX('A_Replicates'!HB6:HB6)) | K65: =IF(E65=0,"",J65-I65) | L65: =IF(E65=0,"",SUMPRODUCT(ABS('A_Replicates'!HB6:HB6))/E65) | M65: =IF(E65=0,"",COUNTIF('A_Replicates'!HB6:HB6,">0")) | N65: =IF(E65=0,"",COUNTIF('A_Replicates'!HB6:HB6,"<0")) | O65: 'A_Replicates'!HB6:HB6 | P65: =COUNT('A_Replicates_INCL'!HB6:HB6) | Q65: =IF(P65=0,"",AVERAGE('A_Replicates_INCL'!HB6:HB6)) | R65: =IF(P65<2,"",STDEV('A_Replicates_INCL'!HB6:HB6)) | S65: =IF(OR(P65=0,E65=0),"",Q65-F65) | T65: =COUNT('A_Replicates_EXC'!BF6:BF6) | U65: =IF(T65=0,"",AVERAGE('A_Replicates_EXC'!BF6:BF6)) | V65: =COUNTIF('A_Replicates_INCL'!JR6:JR6,"torque 하한 밖 참고값")+COUNTIF('A_Replicates_INCL'!JR6:JR6,"torque 범위 밖 참고값") | W65: =COUNTIF('A_Replicates_INCL'!JR6:JR6,"torque 상한 밖 참고값")+COUNTIF('A_Replicates_INCL'!JR6:JR6,"torque 범위 밖 참고값") | X65: =IF(P65=0,"",MIN('A_Replicates_INCL'!HB6:HB6)) | Y65: =IF(P65=0,"",MAX('A_Replicates_INCL'!HB6:HB6)) | Z65: =IF(P65=0,"",Y65-X65)
B66: D_TEMP | C66: D | D66: DQ | E66: 0 | F66: ="" | G66: ="" | H66: ="" | I66: ="" | J66: ="" | K66: ="" | L66: ="" | M66: ="" | N66: ="" | O66: 반복 데이터 없음 | P66: 0 | Q66: ="" | R66: ="" | S66: ="" | T66: 0 | U66: ="" | V66: ="" | W66: =""
B67: B_TQ_BASE | C67: B | D67: DQ | E67: 0 | F67: ="" | G67: ="" | H67: ="" | I67: ="" | J67: ="" | K67: ="" | L67: ="" | M67: ="" | N67: ="" | O67: 반복 데이터 없음 | P67: 0 | Q67: ="" | R67: ="" | S67: ="" | T67: 0 | U67: ="" | V67: ="" | W67: =""
B68: B_REC_FLOOR | C68: B | D68: DQ | E68: 0 | F68: ="" | G68: ="" | H68: ="" | I68: ="" | J68: ="" | K68: ="" | L68: ="" | M68: ="" | N68: ="" | O68: 반복 데이터 없음 | P68: 0 | Q68: ="" | R68: ="" | S68: ="" | T68: 0 | U68: ="" | V68: ="" | W68: =""
B69: B_REC_VALID | C69: B | D69: DQ | E69: 0 | F69: ="" | G69: ="" | H69: ="" | I69: ="" | J69: ="" | K69: ="" | L69: ="" | M69: ="" | N69: ="" | O69: 반복 데이터 없음 | P69: 0 | Q69: ="" | R69: ="" | S69: ="" | T69: 0 | U69: ="" | V69: ="" | W69: =""

Sheet A_Step_Replicates
B1: Lot_QC_Summary | C1: QC_Dictionary | D1: A_Replicates | E1: B_Replicates | F1: Density_Replicates | G1: A_Replicates_INCL | H1: A_Replicates_EXC | I1: Metric_Statistics | J1: A_Step_Replicates | K1: A_Step_Statistics | L1: Replicate_Flags | M1: Traceability
B2: A_Step_Replicates — STRICT 채널 Step 대표값·준평형·분해능
B3: STRICT(60 s·Torque 10–95%) 기준 대표값입니다. used는 STRICT 정량 사용 여부이며, 승인 short-hold의 inclusive 사용 여부는 StepAudit 및 A_Replicates_INCL을 참조합니다. tail_drift_pct=후반 10초 선형 드리프트, resolution_pct=Torque 0.1% 표시 단위의 상대 크기.
B5: repeat | C5: Step | D5: dir | E5: RPM | F5: gamma | G5: hold_s | H5: used | I5: exception | J5: tau_Pa | K5: eta_cP | L5: torque_valid | M5: torque_window | N5: temp | O5: tail_drift_pct | P5: resolution_pct | Q5: status
B6: 01 | C6: 2 | D6: Up | E6: 0.2 | F6: 0.4 | G6: 60 | H6: Yes | I6: No | J6: 200 | K6: 500000 | L6: 20 | M6: 20 | N6: 25 | O6: 3.396219e-14 | P6: 0.5 | Q6: OK
B7: 01 | C7: 3 | D7: Up | E7: 0.35 | F7: 0.7 | G7: 60 | H7: Yes | I7: No | J7: 200 | K7: 285714.29 | L7: 20 | M7: 20 | N7: 25 | O7: 3.396219e-14 | P7: 0.5 | Q7: OK
B8: 01 | C8: 4 | D8: Up | E8: 0.5 | F8: 1 | G8: 60 | H8: Yes | I8: No | J8: 200 | K8: 200000 | L8: 20 | M8: 20 | N8: 25 | O8: 3.396219e-14 | P8: 0.5 | Q8: OK
B9: 01 | C9: 5 | D9: Up | E9: 0.7 | F9: 1.4 | G9: 60 | H9: Yes | I9: No | J9: 200 | K9: 142857.14 | L9: 20 | M9: 20 | N9: 25 | O9: 3.396219e-14 | P9: 0.5 | Q9: OK
B10: 01 | C10: 6 | D10: Up | E10: 1 | F10: 2 | G10: 60 | H10: Yes | I10: No | J10: 200 | K10: 100000 | L10: 20 | M10: 20 | N10: 25 | O10: 3.396219e-14 | P10: 0.5 | Q10: OK
B11: 01 | C11: 7 | D11: Up | E11: 1.5 | F11: 3 | G11: 60 | H11: Yes | I11: No | J11: 200 | K11: 66666.667 | L11: 20 | M11: 20 | N11: 25 | O11: 3.396219e-14 | P11: 0.5 | Q11: OK
B12: 01 | C12: 8 | D12: Up | E12: 2 | F12: 4 | G12: 60 | H12: Yes | I12: No | J12: 200 | K12: 50000 | L12: 20 | M12: 20 | N12: 25 | O12: 3.396219e-14 | P12: 0.5 | Q12: OK
B13: 01 | C13: 9 | D13: Up | E13: 3 | F13: 6 | G13: 60 | H13: Yes | I13: No | J13: 200 | K13: 33333.333 | L13: 20 | M13: 20 | N13: 25 | O13: 3.396219e-14 | P13: 0.5 | Q13: OK
B14: 01 | C14: 10 | D14: Up | E14: 4 | F14: 8 | G14: 60 | H14: Yes | I14: No | J14: 200 | K14: 25000 | L14: 20 | M14: 20 | N14: 25 | O14: 3.396219e-14 | P14: 0.5 | Q14: OK
B15: 01 | C15: 11 | D15: Up | E15: 5 | F15: 10 | G15: 60 | H15: Yes | I15: No | J15: 200 | K15: 20000 | L15: 20 | M15: 20 | N15: 25 | O15: 3.396219e-14 | P15: 0.5 | Q15: OK

Sheet A_Step_Statistics
B1: Lot_QC_Summary | C1: QC_Dictionary | D1: A_Replicates | E1: B_Replicates | F1: Density_Replicates | G1: A_Replicates_INCL | H1: A_Replicates_EXC | I1: Metric_Statistics | J1: A_Step_Replicates | K1: A_Step_Statistics | L1: Replicate_Flags | M1: Traceability
B2: A_Step_Statistics — 정량 Step의 반복 통계와 Lot 평균 유동곡선
B3: 정량 사용(used) Step만 집계합니다. RSD는 반복 간 변동, 분해능은 판별 가능한 최소 상대 차이입니다.
B5: dir | C5: RPM | D5: gamma | E5: n_rep | F5: tau_mean | G5: tau_SD | H5: tau_RSD_pct | I5: eta_mean | J5: torque_mean | K5: drift_max_abs | L5: resolution_pct | M5: exception_n
B6: Up | C6: 0.2 | D6: 0.4 | E6: 1 | F6: 200 | I6: 500000 | J6: 20 | K6: 3.396219e-14 | L6: 0.5 | M6: 0
B7: Up | C7: 0.35 | D7: 0.7 | E7: 1 | F7: 200 | I7: 285714.29 | J7: 20 | K7: 3.396219e-14 | L7: 0.5 | M7: 0
B8: Up | C8: 0.5 | D8: 1 | E8: 1 | F8: 200 | I8: 200000 | J8: 20 | K8: 3.396219e-14 | L8: 0.5 | M8: 0
B9: Up | C9: 0.7 | D9: 1.4 | E9: 1 | F9: 200 | I9: 142857.14 | J9: 20 | K9: 3.396219e-14 | L9: 0.5 | M9: 0
B10: Up | C10: 1 | D10: 2 | E10: 1 | F10: 200 | I10: 100000 | J10: 20 | K10: 3.396219e-14 | L10: 0.5 | M10: 0
B11: Up | C11: 1.5 | D11: 3 | E11: 1 | F11: 200 | I11: 66666.667 | J11: 20 | K11: 3.396219e-14 | L11: 0.5 | M11: 0
B12: Up | C12: 2 | D12: 4 | E12: 1 | F12: 200 | I12: 50000 | J12: 20 | K12: 3.396219e-14 | L12: 0.5 | M12: 0
B13: Up | C13: 3 | D13: 6 | E13: 1 | F13: 200 | I13: 33333.333 | J13: 20 | K13: 3.396219e-14 | L13: 0.5 | M13: 0
B14: Up | C14: 4 | D14: 8 | E14: 1 | F14: 200 | I14: 25000 | J14: 20 | K14: 3.396219e-14 | L14: 0.5 | M14: 0
B15: Up | C15: 5 | D15: 10 | E15: 1 | F15: 200 | I15: 20000 | J15: 20 | K15: 3.396219e-14 | L15: 0.5 | M15: 0

Sheet Replicate_Flags
B1: Lot_QC_Summary | C1: QC_Dictionary | D1: A_Replicates | E1: B_Replicates | F1: Density_Replicates | G1: A_Replicates_INCL | H1: A_Replicates_EXC | I1: Metric_Statistics | J1: A_Step_Replicates | K1: A_Step_Statistics | L1: Replicate_Flags | M1: Traceability
B2: Replicate_Flags — 반복별 공란·경고·제외 사유
B3: 지표 상태가 OK가 아닌 항목과 04_2 데이터·모델 검사의 비OK 항목을 모두 나열합니다.
B5: method | C5: repeat | D5: file | E5: item | F5: status | G5: reason
B6: A | C6: 01 | D6: HT-SYN-01.csv | E6: A_DU_L [S] | F6: NO VALUE | G6: S4 Up 0.5 rpm; Down 0.5 rpm Step 없음
B7: A | C7: 01 | D7: HT-SYN-01.csv | E7: A_DU_M [S] | F7: NO VALUE | G7: S8 Up 2 rpm; Down 2 rpm Step 없음
B8: A | C8: 01 | D8: HT-SYN-01.csv | E8: A_HYS_REL [S] | F8: NO VALUE | G8: 공통 전단률 0쌍 | Full H-B only; no paired point for hysteresis: S2 0.2 rpm, S3 0.35 rpm, S4 0.5 rpm, S5 0.7 rpm, S6 1 rpm, S7 1.5 rpm, S8 2 rpm, S9 3 rpm, S10 4 rpm, S11 5 rpm
B9: A | C9: 01 | D9: HT-SYN-01.csv | E9: A_HYS_AREA_SIGNED [S] | F9: NO VALUE | G9: 공통 전단률 0쌍(<2) — 면적 적분 불가
B10: A | C10: 01 | D10: HT-SYN-01.csv | E10: A_HYS_AREA_ABS [S] | F10: NO VALUE | G10: 공통 전단률 0쌍(<2) — 면적 적분 불가
B11: A | C11: 01 | D11: HT-SYN-01.csv | E11: A_HDI [S] | F11: NO VALUE | G11: 공통 전단률 0쌍(<4)
B12: A | C12: 01 | D12: HT-SYN-01.csv | E12: A_OVS_L [S] | F12: NOTICE | G12: Start-up overshoot stress calculated from first moving Step S2 0.2 rpm; 기준 0.5 rpm과 다름; peak @ 1 s; S2 Up 0.2 rpm — 진단값, Lot 판정 제외
B13: A | C13: 01 | D13: HT-SYN-01.csv | E13: A_HB_TAUY_DN [S] | F13: NO VALUE | G13: Down Full: INVALID — 유효점 4개 미만 | Full H-B | Steps | RPM | n=0 | γ̇
B14: A | C14: 01 | D14: HT-SYN-01.csv | E14: A_HB_K_DN [S] | F14: NO VALUE | G14: Down Full: INVALID — 유효점 4개 미만 | Full H-B | Steps | RPM | n=0 | γ̇
B15: A | C15: 01 | D15: HT-SYN-01.csv | E15: A_HB_N_DN [S] | F15: NO VALUE | G15: Down Full: INVALID — 유효점 4개 미만 | Full H-B | Steps | RPM | n=0 | γ̇
B16: A | C16: 01 | D16: HT-SYN-01.csv | E16: A_HB_TAUY_UP_COMMON [S] | F16: NO VALUE | G16: Up Common: INVALID — 유효점 4개 미만 | Common H-B | Steps | RPM | n=0 | γ̇
... B37: A | C37: 01 | D37: HT-SYN-01.csv | E37: A_PLATEAU_RETENTION [S] | F37: NO VALUE | G37: start-up profile 없음

Sheet Traceability
B1: Lot_QC_Summary | C1: QC_Dictionary | D1: A_Replicates | E1: B_Replicates | F1: Density_Replicates | G1: A_Replicates_INCL | H1: A_Replicates_EXC | I1: Metric_Statistics | J1: A_Step_Replicates | K1: A_Step_Statistics | L1: Replicate_Flags | M1: Traceability
B2: Traceability — 원본·분석기·규칙 추적
B3: 원본 SHA-256, 분석기 버전·해시, 고정 규칙, 실행 명령을 기록합니다.
B5: 분석기 | C5: HB-analysis-06-6 (HB-analysis-06-6_integrated_reviewed.py)
B6: 분석기 SHA-256
B7: QC layer | C7: LotQC-2.8
B8: 분석 경로(정책) | C8: INCLUSIVE | hash 0a7fe4fd8ee0395a
B9: 정책 JSON | C9: {"accepted_hold_s": [30.0, 45.0, 60.0], "allow_short_hold_analysis": true, "audit_level": "full", "censored_in_inclusive_fit": true, "exception_stat_policy": "separate", "generate_inclusive_values": true, "generate_strict_values": true, "hold_target_s": 60.0, "hold_tolerance_s": 0.5, "include_censored_in_lot_stats": true, "include_exception_in_lot_stats": true, "include_notice_in_lot_acceptance": false, "include_out_of_range_in_inclusive": true, "include_out_of_torque_analysis": true, "lot_stats_mode": "both", "min_hb_points": 4, "min_hold_s": 10.0, "min_window_s": 3.0, "name": "INCLUSIVE", "primary_channel": "inclusive", "recommended_hb_points": 5, "report_values": "both", "require_stabilization": true, "sampling_gap_review_s": null, "short_hold_window_fraction": 0.25, "ssi_allow_interpolation": false, "ssi_allow_model_estimation": false, "ssi_calculate_all": true, "ssi_decade_ratio": 10.0, "ssi_explicit_pair": null, "ssi_include_down": false, "ssi_pool_different_pairs": false, "ssi_preferred_pairs": [[0.2, 2.0], [0.5, 5.0]], "ssi_primary_selection": "none", "ssi_ratio_tolerance_pct": 1.0, "stabilization_min_s": null, "stabilization_target_s": 600.0, "stabilization_temp_target_C": 25.0, "stabilization_temp_tolerance_C": null, "tail_seconds": 10.0, "torque_max_pct": 95.0, "torque_min_pct": 10.0}
B10: 실행 시각
B11: 실행 명령
B12: Method A 규칙 | C12: 회전 Step 60초, 후반 10초, H-B 최소 4점/권장 5점
B13: Torque 유효범위 | C13: 10–95%
B14: 고정 평가점 | C14: Low=0.5 rpm, Mid=2 rpm; 고전단은 실제 측정 최고 RPM
B15: 임시 기준 | C15: 드리프트 REVIEW >2%, 시험온도 25±0.5 °C, 온도폭 ≤1 °C, 밀도 교차확인 ±0.0005 g/mL
B18: method | C18: repeat | D18: file | E18: route | F18: data_qc | G18: raw_sha256 | H18: template | I18: report | J18: exception_steps
B19: A | C19: 01 | D19: HT-SYN-01.csv | E19: INCLUSIVE | F19: VALID

Sheet StepAudit
B1: Lot_QC_Summary | C1: QC_Dictionary | D1: A_Replicates | E1: B_Replicates | F1: Density_Replicates | G1: A_Replicates_INCL | H1: A_Replicates_EXC | I1: Metric_Statistics | J1: A_Step_Replicates
B2: StepAudit — 모든 회전 Step의 포함/제외·창·Torque 감사 — HT-SYN 전 반복
B3: Step은 버려지지 않고 한 줄씩 남습니다. strict=60 s·Torque 범위 내 점만, inclusive=정책 허용 hold·전 점. status/label/reason이 왜 어느 채널에 포함·제외됐는지를 말합니다.
B5: lot | C5: repeat | D5: file | E5: step | F5: direction | G5: rpm | H5: shear_rate | I5: hold_config_s | J5: hold_observed_s | K5: hold_class | L5: tail_window_s | M5: tail_start_s | N5: tail_end_s | O5: torque_min_pct | P5: torque_max_pct | Q5: n_all | R5: n_in_range | S5: n_low_torque | T5: n_high_torque | U5: tau_pa_strict | V5: tau_pa_inclusive | W5: eta_cp_strict | X5: eta_cp_inclusive | Y5: torque_mean_all | Z5: torque_min_all | AA5: torque_max_all | AB5: strict_hold_valid | AC5: strict_torque_valid | AD5: analysis_torque_mode | AE5: included_in_strict | AF5: included_in_inclusive | AG5: status | AH5: label | AI5: reason | AJ5: valueclassstrict | AK5: valueclassinclusive | AL5: usedlowtorque | AM5: usedhightorque | AN5: sequence_direction | AO5: used_in_up_branch | AP5: used_in_down_branch | AQ5: used_in_strict_full_hb | AR5: used_in_inclusive_full_hb | AS5: used_in_strict_up_full_hb | AT5: used_in_strict_down_full_hb | AU5: used_in_inclusive_up_full_hb | AV5: used_in_inclusive_down_full_hb | AW5: used_in_common_hb | AX5: used_in_hysteresis | AY5: turnaround_shared | AZ5: used_for_eta_high | BA5: used_for_tau_high | BB5: used_for_ssi | BC5: used_for_ssi_dynamic | BD5: step_type | BE5: target_temperature_C | BF5: mean_temperature_C | BG5: min_temperature_C | BH5: max_temperature_C | BI5: sampling_interval_s | BJ5: n_points | BK5: stabilization_status | BL5: stabilization_reason | BM5: used_in_ssi_field_0p2_2 | BN5: used_in_ssi_qc_0p5_5 | BO5: used_in_decade_ssi | BP5: value_class_strict | BQ5: value_class_inclusive | BR5: full_hb_direction | BS5: exclusion_reason_full_hb | BT5: exclusion_reason_common_hb | BU5: exclusion_reason_hysteresis | BV5: gamma | BW5: used_in_decade_ssi_up | BX5: used_in_decade_ssi_down | BY5: exact_rpm_candidate_for | BZ5: exact_rpm_selected_for | CA5: exact_rpm_exclusion_reason

Sheet QCPolicy
B1: Lot_QC_Summary | C1: QC_Dictionary | D1: A_Replicates | E1: B_Replicates | F1: Density_Replicates | G1: A_Replicates_INCL | H1: A_Replicates_EXC | I1: Metric_Statistics | J1: A_Step_Replicates
B2: QCPolicy — 이 결과에 적용된 분석 정책·임계값
B3: 정책 해시가 같으면 같은 규칙으로 계산된 결과입니다.
B5: 정책 이름 | C5: INCLUSIVE
B6: 정책 해시(SHA-256 앞 16자) | C6: 0a7fe4fd8ee0395a
B7: Hold 목표(s) | C7: 60
B8: Hold 허용오차(s) | C8: 0.5
B9: 승인 hold(s) | C9: 30, 45, 60
B10: 짧은 hold 분석 허용 | C10: Yes
B11: Torque 유효범위(%) | C11: 10–95
B12: 범위 밖 Torque 점 inclusive 포함 | C12: Yes
B13: 대표창(s) | C13: 10
B14: 미승인 짧은 hold 창 비율 | C14: 0.25
B15: 최소 창(s) | C15: 3
B16: 최소 hold(s, 미만 INVALID) | C16: 10
B17: H-B 최소/권장 점 | C17: 4/5
B18: CENSORED Step inclusive H-B 포함 | C18: Yes
B19: 범위 밖 점 inclusive 대표값 포함 | C19: Yes
B20: CENSORED 참고값 inclusive Lot 통계 포함 | C20: Yes
B21: 대표 채널 | C21: inclusive
B22: Lot 통계 모드 | C22: both
B23: EXCEPTION 통계 정책 | C23: separate
B24: 보고 채널 | C24: both
B25: NOTICE 합격성 반영 | C25: No
B26: 감사 수준 | C26: full
B27: 임시 기준 | C27: 드리프트 REVIEW >2%, 시험온도 25±0.5 °C, 온도폭 ≤1 °C, 밀도 교차확인 ±0.0005 g/mL, RPM 일치 ±0.011
B28: 고정 평가점 | C28: Low=0.5 rpm, Mid=2 rpm; 고전단은 실제 측정 최고 RPM
... B30: 정책 JSON | C30: {"accepted_hold_s": [30.0, 45.0, 60.0], "allow_short_hold_analysis": true, "audit_level": "full", "censored_in_inclusive_fit": true, "exception_stat_policy": "separate", "generate_inclusive_values": true, "generate_strict_values": true, "hold_target_s": 60.0, "hold_tolerance_s": 0.5, "include_censored_in_lot_stats": true, "include_exception_in_lot_stats": true, "include_notice_in_lot_acceptance": false, "include_out_of_range_in_inclusive": true, "include_out_of_torque_analysis": true, "lot_stats_mode": "both", "min_hb_points": 4, "min_hold_s": 10.0, "min_window_s": 3.0, "name": "INCLUSIVE", "primary_channel": "inclusive", "recommended_hb_points": 5, "report_values": "both", "require_stabilization": true, "sampling_gap_review_s": null, "short_hold_window_fraction": 0.25, "ssi_allow_interpolation": false, "ssi_allow_model_estimation": false, "ssi_calculate_all": true, "ssi_decade_ratio": 10.0, "ssi_explicit_pair": null, "ssi_include_down": false, "ssi_pool_different_pairs": false, "ssi_preferred_pairs": [[0.2, 2.0], [0.5, 5.0]], "ssi_primary_selection": "none", "ssi_ratio_tolerance_pct": 1.0, "stabilization_min_s": null, "stabilization_target_s": 600.0, "stabilization_temp_target_C": 25.0, "stabilization_temp_tolerance_C": null, "tail_seconds": 10.0, "torque_max_pct": 95.0, "torque_min_pct": 10.0}

Sheet DecadeSSI
B2: DecadeSSI — 실측 10배 RPM 점도비
B3: pair_id마다 독립 행이다. 공식 SSI와 같은 숫자를 여기 평균에 다시 넣지 않는다.
B5: Lot | C5: Repeat | D5: Channel | E5: Direction | F5: Pair ID | G5: Official metric link | H5: Low RPM | I5: High RPM | J5: RPM ratio | K5: Ratio error % | L5: Low Step | M5: High Step | N5: Low shear rate | O5: High shear rate | P5: Low viscosity | Q5: High viscosity | R5: SSI | S5: Source type | T5: Value class | U5: Data status | V5: Acceptance status | W5: Included in Lot stats | X5: Lot-stat exclusion reason | Y5: Primary pair selected | Z5: Selection reason | AA5: Reason
B6: SYN | C6: 01 | D6: strict | E6: up | F6: SSI_DECADE_UP_0P2_2 | G6: A_SSI_FIELD_0P2_2 | H6: 0.2 | I6: 2 | J6: 10 | K6: 0 | L6: 2 | M6: 8 | N6: 0.4 | O6: 4 | P6: 500000 | Q6: 50000 | R6: 10 | S6: measured | T6: strict 정량값 | U6: OK | V6: ELIGIBLE | W6: 0 | X6: official metric link; dynamic 통계에 중복 집계하지 않음 | Y6: 0
B7: SYN | C7: 01 | D7: strict | E7: up | F7: SSI_DECADE_UP_0P5_5 | G7: A_SSI_QC_0P5_5 | H7: 0.5 | I7: 5 | J7: 10 | K7: 0 | L7: 4 | M7: 11 | N7: 1 | O7: 10 | P7: 200000 | Q7: 20000 | R7: 10 | S7: measured | T7: strict 정량값 | U7: OK | V7: ELIGIBLE | W7: 0 | X7: official metric link; dynamic 통계에 중복 집계하지 않음 | Y7: 0
B8: SYN | C8: 01 | D8: inclusive | E8: up | F8: SSI_DECADE_UP_0P2_2 | G8: A_SSI_FIELD_0P2_2 | H8: 0.2 | I8: 2 | J8: 10 | K8: 0 | L8: 2 | M8: 8 | N8: 0.4 | O8: 4 | P8: 500000 | Q8: 50000 | R8: 10 | S8: measured | T8: strict 정량값 | U8: OK | V8: ELIGIBLE | W8: 0 | X8: official metric link; dynamic 통계에 중복 집계하지 않음 | Y8: 0
B9: SYN | C9: 01 | D9: inclusive | E9: up | F9: SSI_DECADE_UP_0P5_5 | G9: A_SSI_QC_0P5_5 | H9: 0.5 | I9: 5 | J9: 10 | K9: 0 | L9: 4 | M9: 11 | N9: 1 | O9: 10 | P9: 200000 | Q9: 20000 | R9: 10 | S9: measured | T9: strict 정량값 | U9: OK | V9: ELIGIBLE | W9: 0 | X9: official metric link; dynamic 통계에 중복 집계하지 않음 | Y9: 0
